word,frequency,rank
พระ,3704,1
เจ้า,3389,2
ท่าน,2064,3
ภิกษุ,1201,4
พระองค์,1045,5
ลูก,1003,6
ตัว,980,7
พระราชา,914,8
พระเจ้า,819,9
เศรษฐี,761,10
กิน,702,11
พี่,690,12
พ่อ,687,13
ศาสดา,620,14
พวกเรา,611,15
ป่า,588,16
ตรัส,559,17
พญา,546,18
พราหมณ์,535,19
รู้,530,20
แม่,529,21
น้อง,512,22
หนุ่ม,500,23
ธรรม,498,24
ฟัง,490,25
พระโพธิสัตว์,486,26
ฮ่า,482,27
เดิน,478,28
เรื่อง,470,29
อย่า,465,30
เสด็จ,438,31
พากัน,423,32
ช้าง,423,33
หญิง,410,34
พาราณสี,403,35
ทั้งสอง,397,36
สัตว์,391,37
อาจารย์,371,38
เมือง,363,39
เวลา,359,40
เข้าไป,354,41
ภรรยา,353,42
น้ำ,350,43
โจร,341,44
ฤาษี,334,45
ถวาย,321,46
ไปยัง,317,47
วันหนึ่ง,313,48
พรหมทัต,310,49
ฝูง,306,50
อำมาตย์,304,51
เล่า,300,52
เอ่ย,298,53
ถาม,295,54
ตาย,290,55
ครั้น,280,56
นั่ง,270,57
ดาบส,268,58
มหา,266,59
ช่าง,260,60
โอ้ย,259,61
ลิง,256,62
เสียง,252,63
แล้วก็,252,64
หรอก,247,65
ฆ่า,244,66
ไหม,244,67
เนื้อ,239,68
หนี,237,69
ล่ะ,236,70
ทหาร,233,71
สัมมา,230,72
ปุโรหิต,228,73
พ่อค้า,227,74
สัมพุทธ,224,75
องค์,224,76
ท้าว,224,77
ศิษย์,222,78
ต้น,221,79
ทราบ,216,80
เทวทัต,213,81
เหมือนกัน,207,82
ชาย,206,83
ขอรับ,205,84
เฮ้ย,205,85
ได้ยิน,204,86
ยักษ์,201,87
แพะ,200,88
อาหาร,198,89
แน่,195,90
ที่จะ,194,91
เดี๋ยว,188,92
บัณฑิต,188,93
สามี,183,94
อาศัย,182,95
ปลา,181,96
ราช,179,97
ปล่อย,176,98
รีบ,175,99
หม่อมฉัน,174,100
เอ๋ย,173,101
เฮ้อ,171,102
บวช,168,103
พระพุทธองค์,168,104
ทรัพย์,168,105
ต้นไม้,167,106
ดีกว่า,165,107
พระพุทธเจ้า,164,108
ชาวบ้าน,163,109
สักกะ,163,110
เหมือน,160,111
เกวียน,159,112
โอรส,159,113
บุตร,157,114
รัก,156,115
เล่น,154,116
สอง,149,117
ผ้า,149,118
ม้า,147,119
พระเจ้าค่ะ,146,120
โกศล,146,121
ประทับ,145,122
เข้ามา,144,123
หนู,144,124
วิ่ง,143,125
สุนัขจิ้งจอก,143,126
ชีวิต,142,127
ต่อมา,140,128
ต่อไป,140,129
ชายหนุ่ม,140,130
ราชสีห์,140,131
จัก,138,132
สร้าง,138,133
ยืน,137,134
กลัว,136,135
ปัญญา,136,136
มะม่วง,136,137
สุนัข,135,138
ดื่ม,135,139
สหาย,134,140
สัก,134,141
สำนัก,133,142
กุมาร,133,143
มนุษย์,132,144
บิดา,130,145
แขกเต้า,130,146
กวาง,128,147
เดินทาง,127,148
เลี้ยง,126,149
ทอง,126,150
ฤๅษี,125,151
แบบนี้,124,152
หิว,121,153
ไม้,120,154
สนทนา,119,155
แบ่ง,119,156
คอย,118,157
เชตวัน,118,158
บ้าน,118,159
เจริญ,117,160
ดังนั้น,117,161
สารีบุตร,117,162
บริวาร,114,163
มือ,114,164
หงส์,114,165
สมบัติ,113,166
หิน,112,167
เฝ้า,112,168
ข้าพระองค์,112,169
เกาะ,111,170
พระเถระ,111,171
อุทยาน,109,172
นายพราน,108,173
เทวี,108,174
พระบรมศาสดา,107,175
ผลไม้,107,176
ออกบวช,106,177
กรุง,106,178
ใส่,106,179
โปรด,106,180
ดังนี้,104,181
รูป,104,182
กำเนิด,104,183
ตัก,104,184
หมู่บ้าน,104,185
กลับมา,104,186
ศีล,103,187
เหตุการณ์,103,188
เงิน,103,189
ท่านพี่,103,190
นักบวช,103,191
ดูแล,102,192
ชาติ,101,193
มานพ,101,194
ชาดก,101,195
สั่ง,99,196
พราน,99,197
กษัตริย์,99,198
เด็ก,98,199
แน่ๆ,98,200
มเหสี,98,201
ปัจเจก,96,202
ดูก่อนภิกษุ,95,203
ธิดา,94,204
ตอนนี้,94,205
แคว้น,93,206
วิหาร,92,207
หาย,91,208
ไปหา,91,209
หมู,91,210
โอ๊ย,90,211
กราบทูล,90,212
สมเด็จ,90,213
ท่านพ่อ,89,214
ฉลาด,89,215
กิเลส,88,216
แม่น้ำ,87,217
เอ้,87,218
จีวร,87,219
เทวดา,87,220
บุรุษ,86,221
ตถาคต,86,222
คืน,86,223
ย่ะ,86,224
เท้า,84,225
พัก,84,226
เถระ,84,227
พระนาง,84,228
พุทธเจ้า,84,229
สาม,84,230
เชือก,83,231
ชอบ,82,232
บิน,82,233
หิมพานต์,82,234
ตอบ,82,235
มาถึง,81,236
จิตใจ,81,237
ทิ้ง,81,238
คณะ,80,239
ที่นี่,79,240
ท่านอาจารย์,79,241
เข้าเฝ้า,79,242
ลูกชาย,79,243
นกยูง,78,244
โธ่,78,245
บรรดา,77,246
อร่อย,77,247
ขาย,77,248
เลือก,77,249
สวย,76,250
ประพฤติ,76,251
มนต์,76,252
คนที่,75,253
ท่านอำมาตย์,75,254
ชั่ว,74,255
ขนาด,73,256
สระ,73,257
ศาลา,73,258
เรือ,72,259
ไก่,72,260
ซื้อ,72,261
ผู้อื่น,72,262
โกรธ,72,263
กระต่าย,72,264
โอ้,71,265
นะจ๊ะ,71,266
ตัด,71,267
ฮือ,71,268
เหรอ,71,269
หมู่,71,270
พระทัย,71,271
พระภิกษุ,71,272
เหล้า,71,273
ออกมา,70,274
เรียบร้อย,70,275
ภิกษุณี,70,276
ปริพาชก,70,277
ไหว,69,278
เดิม,69,279
หญิงสาว,69,280
เจอ,69,281
พระนคร,69,282
อาศรม,69,283
รู้สึก,68,284
ครอบครัว,68,285
ญาณ,67,286
สงสัย,67,287
อุบาสก,67,288
อาตมา,67,289
สกา,67,290
เชิญ,66,291
เหนื่อย,66,292
กล้า,66,293
ปรารถนา,66,294
มหาราช,66,295
วานร,66,296
ประตู,66,297
กล่าวว่า,66,298
ฝั่ง,65,299
ศึกษา,65,300
รักษา,65,301
นันท,65,302
พระคุณเจ้า,65,303
หญ้า,65,304
กัด,64,305
จิต,64,306
ขุด,64,307
ร้องไห้,63,308
เที่ยว,63,309
ทิศาปาโมกข์,62,310
เรียน,62,311
ปัญหา,62,312
เมีย,61,313
โทษ,61,314
รัง,61,315
ปาก,61,316
แผน,61,317
หัว,61,318
เต่า,61,319
ชรา,60,320
บำเพ็ญ,60,321
รูปนี้,60,322
จุล,60,323
ถ้ำ,59,324
เช้า,59,325
ข้อ,59,326
ตระกูล,59,327
ไม่ต้อง,59,328
มาร,59,329
บริโภค,59,330
ที่อยู่,58,331
พระเจ้าข้า,58,332
อีกครั้ง,58,333
เสมอ,58,334
ร่าง,58,335
หัวหน้า,57,336
รับสั่ง,57,337
ให้ได้,57,338
สึก,57,339
ราชบุรุษ,57,340
ราชสมบัติ,57,341
ฮ่ะ,57,342
สุรา,57,343
ช่วยกัน,56,344
สมณะ,56,345
เกิดขึ้น,56,346
สงบ,56,347
ห่อ,56,348
สาว,55,349
งาม,55,350
ชื่อ,55,351
แด่,55,352
พี่น้อง,55,353
ก่อนที่,55,354
กระหม่อม,55,355
อัส,55,356
ตื่น,54,357
บรรลุ,54,358
ถ้าอย่างนั้น,54,359
ชฎิล,54,360
แตก,53,361
บังเกิด,53,362
ขโมย,53,363
แทน,52,364
สี่,52,365
สำเร็จ,52,366
อืม,52,367
ร้อง,52,368
เทพบุตร,52,369
โดน,52,370
ชนะ,52,371
สิงโต,52,372
นักเลง,52,373
ออกจาก,51,374
พัน,51,375
พุทธกาล,51,376
เมตตา,51,377
คู่,51,378
พื้น,51,379
ท่านพญา,51,380
รุกขเทวดา,51,381
วัง,51,382
ปัญจ,51,383
ครุฑ,51,384
หลับ,50,385
อ้าว,50,386
พราหมณี,50,387
เลี้ยงดู,50,388
ของมัน,50,389
ปล้น,50,390
ชนบท,50,391
ยินดี,50,392
ปราสาท,50,393
โคตร,50,394
พี่ชาย,49,395
ช่างไม้,49,396
ร้อน,49,397
ลูกสาว,48,398
บุคคล,48,399
ผืน,48,400
แร้ง,48,401
ยิง,48,402
ดาบสผู้,48,403
เสือ,48,404
โกกาลิกะ,48,405
นอน,47,406
ข้าว,47,407
แอบ,47,408
ตกลง,47,409
ภัย,46,410
รู้จัก,46,411
เตรียม,46,412
แล้วจึง,46,413
หยุด,46,414
แมว,46,415
อิ่ม,45,416
ปลอดภัย,45,417
ประชุม,45,418
เค้า,45,419
ตัดสินใจ,45,420
คนเดียว,45,421
คิดถึง,45,422
ร่างกาย,45,423
ต้องการ,45,424
ฝัง,45,425
สมควร,45,426
ในที่สุด,45,427
นายท่าน,45,428
เทวราช,45,429
จากไป,45,430
ศัตรู,45,431
กลิ่น,45,432
หวัง,44,433
หน้า,44,434
เองก็,44,435
นิมนต์,44,436
ความเพียร,44,437
เจ้าชาย,44,438
กลายเป็น,44,439
ตำแหน่ง,44,440
จระเข้,44,441
มารดา,44,442
โง่,43,443
เครื่อง,43,444
แพ้,43,445
ทองคำ,43,446
ยังมี,43,447
สงฆ์,43,448
สมาน,43,449
โยม,43,450
ขบวน,43,451
พระธรรม,42,452
เรือน,42,453
เรือนของ,42,454
ยุง,42,455
เฮอะ,42,456
จัณฑาล,42,457
อากาศ,42,458
จิ้งจอก,42,459
แผ่นดิน,42,460
เหาะ,41,461
สัจจะ,41,462
ทาน,41,463
หมอ,41,464
แล้วทรง,41,465
มหาบพิตร,41,466
ไล่,41,467
อานนท์,41,468
สวน,41,469
พญานาค,41,470
หม้อ,41,471
ละมั่ง,41,472
ศีรษะ,40,473
ชั้น,40,474
ความรัก,40,475
นคร,40,476
ประโยชน์,40,477
ไส้,40,478
กลาง,40,479
นาค,40,480
หาง,40,481
ไก่ป่า,40,482
แท้ๆ,39,483
เฒ่า,39,484
ตัวเอง,39,485
งั้น,39,486
พิจารณา,39,487
ชาวเมือง,39,488
ภูเขา,39,489
กาม,39,490
พุทธ,39,491
พิราบ,39,492
เย็น,39,493
อิน,39,494
ทุกข์,38,495
ตั้งใจ,38,496
ข้าว่า,38,497
อีกแล้ว,38,498
ขอให้,38,499
สำหรับ,38,500
ฟืน,38,501
ทาสี,38,502
หนาว,38,503
แรง,38,504
กองทัพ,38,505
แก้ว,38,506
ข้าม,38,507
หลอกลวง,38,508
พิษ,38,509
ถึงกับ,38,510
สามเณร,38,511
หลง,37,512
ขอบคุณ,37,513
ปฏิบัติธรรม,37,514
ภิกษุสงฆ์,37,515
ช่วยเหลือ,37,516
พัด,37,517
ภัทร,37,518
อชาตศัตรู,37,519
ช่วยด้วย,37,520
ทำลาย,37,521
ให้ท่าน,37,522
ฌาน,37,523
พระพุทธศาสนา,36,524
ผู้คน,36,525
พระราชวัง,36,526
ท้อง,36,527
หนัง,36,528
เสนกะ,36,529
มะเดื่อ,36,530
บ่วง,35,531
บ้านของ,35,532
ความสุข,35,533
เหตุใด,35,534
อดีตชาติ,35,535
กาย,35,536
มณี,35,537
เอ้ย,35,538
โรง,35,539
บริเวณ,35,540
โกสิ,35,541
ญาติ,34,542
ภาพ,34,543
วัด,34,544
ไข่,34,545
บุญ,34,546
ทูล,34,547
เต็ม,34,548
สดับ,34,549
วาง,34,550
เด็กน้อย,34,551
ขอบใจ,34,552
ลอย,34,553
ลึก,34,554
หมาจิ้งจอก,34,555
บรรณศาลา,34,556
ทะเลาะ,34,557
โกง,34,558
กาลิง,34,559
แผ่น,33,560
เพียร,33,561
หอม,33,562
โพธิ,33,563
หนัก,33,564
เอาไว้,33,565
ทำงาน,33,566
ฮ้า,33,567
บึง,33,568
ดอก,33,569
ทีฆ,33,570
ก่อนที่จะ,33,571
สุวรรณ,33,572
สวรรค์,32,573
บาป,32,574
สาวัตถี,32,575
ธนู,32,576
ครอง,32,577
สละ,32,578
เด็กชาย,32,579
เล่ม,32,580
ลืม,32,581
จนได้,32,582
โน้น,32,583
ทาส,32,584
บิณฑบาต,32,585
กระสัน,32,586
ผัก,32,587
ธัมม,32,588
๕๐๐,32,589
สำเภา,31,590
พ้น,31,591
บุตรชาย,31,592
แห่งหนึ่ง,31,593
ปกครอง,31,594
ทัพ,31,595
โขลง,31,596
แม้แต่น้อย,31,597
ศรัทธา,31,598
มะพลับ,31,599
แย่,31,600
ภัตตาหาร,31,601
เสือโคร่ง,31,602
ชื่อว่า,31,603
เข็ม,31,604
แหม,30,605
เสวยพระชาติ,30,606
ออกเดินทาง,30,607
พระอัครสาวก,30,608
เจ็ด,30,609
คาถา,30,610
ไร่,30,611
สู้,30,612
วิเศษ,30,613
ที่อื่น,30,614
เหยียบ,30,615
เดี๋ยวนี้,30,616
ลอง,30,617
ไพเราะ,30,618
อยากได้,30,619
กอง,30,620
นะเนี่ย,30,621
สุกร,30,622
กาลนั้น,29,623
ขัน,29,624
เกียจคร้าน,29,625
เจ็บ,29,626
เหมาะสม,29,627
สินะ,29,628
ความจริง,29,629
ตัดสิน,29,630
ทอดพระเนตร,29,631
อาวุธ,29,632
ตะวัน,29,633
เก่า,29,634
ตรงนี้,29,635
ท่านทั้งหลาย,29,636
คิริ,29,637
ทัต,29,638
กิ้งก่า,29,639
สุว,29,640
โปดก,29,641
หวาน,28,642
สวยงาม,28,643
กิจ,28,644
พระนครพาราณสี,28,645
ศิลา,28,646
แห้ง,28,647
พระธรรมเทศนานี้,28,648
คาบ,28,649
ชาวนา,28,650
สนใจ,28,651
ราชกุมาร,28,652
โรค,28,653
ทำร้าย,28,654
หัวใจ,28,655
เผา,28,656
เพื่อน,28,657
แก้ปัญหา,28,658
ปาลกุมาร,28,659
บรรพชิต,28,660
พยักหน้า,28,661
เจ้าตัว,28,662
ที่พัก,27,663
พรุ่งนี้,27,664
จองจำ,27,665
เพศ,27,666
เสนท,27,667
หลบ,27,668
น้องชาย,27,669
ดูกร,27,670
กรรม,27,671
คัน,27,672
เลือด,27,673
ท่านพราหมณ์,27,674
ข้าวสาลี,27,675
บ่อน้ำ,27,676
ดอกไม้,26,677
ความทุกข์,26,678
กาล,26,679
ทั้งคู่,26,680
เดือน,26,681
คนรับใช้,26,682
งดงาม,26,683
พระพุทธ,26,684
มิต,26,685
มหิ,26,686
เล่าเรื่อง,26,687
หิม,26,688
หลุม,26,689
รูปนั้น,26,690
อาบน้ำ,26,691
ล้ม,26,692
สถานที่,26,693
อาการ,26,694
เสียใจ,26,695
ให้ทาน,26,696
าวุ,26,697
สังวร,26,698
อำนาจ,25,699
ครองราชสมบัติ,25,700
เศร้าโศก,25,701
ไอ้,25,702
กิ่งไม้,25,703
เลื่อมใส,25,704
ลงมา,25,705
ลาภ,25,706
อัครมเหสี,25,707
สัญญา,25,708
กบฏ,25,709
หยิบ,25,710
เกเร,25,711
สุดท้าย,25,712
อยู่แล้ว,25,713
หล่ะ,25,714
ขับ,25,715
เหม็น,25,716
บิดามารดา,25,717
วิ่งหนี,25,718
มาจาก,25,719
ปลาตัว,25,720
เสนาบดี,25,721
ผูก,25,722
เป๋,25,723
๑๐๐,25,724
โกหก,25,725
พอใจ,25,726
สีหน้า,25,727
สังข,25,728
หมา,24,729
พระอรหันต์,24,730
คนอื่น,24,731
สามา,24,732
ราชา,24,733
สินค้า,24,734
อุปราช,24,735
ถั่วดำ,24,736
สอน,24,737
ภาวนา,24,738
นิ่ง,24,739
สระน้ำ,24,740
ทำไม่,24,741
ลาก,24,742
ประชาชน,24,743
มหาชน,24,744
ช่างสลัก,24,745
ขอพระองค์,24,746
ตรงหน้า,24,747
เจ้าเล่ห์,24,748
เหลือง,24,749
ถล่ม,24,750
หมี,24,751
กาฬ,24,752
ยักษิณี,23,753
ปราก,23,754
เออ,23,755
กระดูก,23,756
ธรรมดา,23,757
พรหมจรรย์,23,758
ทรัพย์สมบัติ,23,759
แกล้ง,23,760
หือ,23,761
วินัย,23,762
ลอบ,23,763
ประกาศ,23,764
พระราชธิดา,23,765
ร้าย,23,766
ทุศีล,23,767
กุฏิ,23,768
บารมี,23,769
เอ่อ,23,770
ผู้ทรงศีล,23,771
ฝาก,23,772
หลวงพี่,23,773
ติเตียน,23,774
เดียรถีย์,23,775
อุบาย,23,776
เจ้าค่ะ,23,777
ความโกรธ,23,778
ถิ่น,23,779
ธนุ,23,780
ใบหน้า,23,781
แล้วนะ,22,782
ติด,22,783
ป่าช้า,22,784
สิบ,22,785
ซุ่ม,22,786
สัจธรรม,22,787
วรรณะ,22,788
ห้าม,22,789
ตั้งครรภ์,22,790
อาราธนา,22,791
เป็นประจำ,22,792
ดีนะ,22,793
จัน,22,794
เหมือนเดิม,22,795
อ้า,22,796
ทำตาม,22,797
โอวาท,22,798
ตกใจ,22,799
ควาย,22,800
ลูกจ้าง,22,801
หรอ,22,802
ดาบ,22,803
วัว,22,804
โสณ,22,805
มูลไถ,22,806
พัง,22,807
ลูกศิษย์,21,808
หัวเราะ,21,809
นั่นสิ,21,810
ปรารภ,21,811
พบเห็น,21,812
นครพาราณสี,21,813
ข่าว,21,814
ธรรมะ,21,815
โคดม,21,816
ทะเล,21,817
ประมาท,21,818
มคธ,21,819
ปลงพระชนม์,21,820
ล่า,21,821
ค้าขาย,21,822
นรก,21,823
ครองราชย์,21,824
เพคะ,21,825
สาวก,21,826
ลุง,21,827
หนอน,21,828
เบื่อ,21,829
โมคคัลลานะ,21,830
เลิก,21,831
กหาปณะ,21,832
โภช,21,833
ชาน,21,834
ม้ามงคล,21,835
อสูร,21,836
เลิศ,21,837
ดาบสนั้น,21,838
บ้างก็,21,839
แม่ผัว,21,840
ท่านฤๅษี,21,841
ความงาม,20,842
มีความสุข,20,843
มายัง,20,844
เป็นแน่,20,845
ปู่,20,846
กิ่ง,20,847
อันตราย,20,848
บุตรสาว,20,849
ภรรยาเก่า,20,850
ฟ้อนรำ,20,851
ยึด,20,852
ความโลภ,20,853
พิมพิสาร,20,854
ป่านี้,20,855
ดีใจ,20,856
ไหว้,20,857
ปรนนิบัติ,20,858
เทวธรรม,20,859
เหอะ,20,860
เทพ,20,861
ป่าใหญ่,20,862
ประเทศ,20,863
เจาะ,20,864
ท่านราชสีห์,20,865
จำพรรษา,20,866
เสวย,20,867
มโนชะ,20,868
เทพธิดา,20,869
อดีตกาล,20,870
ลูกศร,20,871
วันรุ่งขึ้น,20,872
ลูกพี่,20,873
อาบัติ,20,874
เข้ากับ,20,875
เด็กหนุ่ม,20,876
ถัง,20,877
สุมังคละ,20,878
สตรี,19,879
ปกติ,19,880
ย้าย,19,881
อุปัชฌาย์,19,882
ลุกขึ้น,19,883
หากิน,19,884
จับตัว,19,885
พ่อแม่,19,886
ค่อม,19,887
หลอก,19,888
อาสนะ,19,889
ไม่น่าเลย,19,890
ตัณหา,19,891
ราคา,19,892
ปราบ,19,893
ยกทัพ,19,894
ทรมาน,19,895
วิมาน,19,896
คุณธรรม,19,897
อือ,19,898
มุข,19,899
พลาย,19,900
ควาน,19,901
ท่านก็,19,902
ไฟไหม้,19,903
ขับไล่,19,904
คนเลี้ยง,19,905
ข้าน้อย,19,906
อ้อ,19,907
กินกัน,19,908
เสื้อผ้า,19,909
เป็นที่รัก,19,910
ดิฉัน,19,911
อกตัญญู,19,912
เตียง,19,913
ด้วน,19,914
ขวิด,19,915
สาคร,19,916
นาก,19,917
ส่งผล,19,918
กระเรียน,19,919
หงส์ทอง,19,920
ตีราคา,19,921
สาปาโมกข์,18,922
พลัน,18,923
ใบไม้,18,924
มาหา,18,925
พรรษา,18,926
สิ้นพระชนม์,18,927
สักการะ,18,928
ถ้าเช่นนั้น,18,929
ผู้หญิง,18,930
ทรงมี,18,931
มาสก,18,932
ฤดูฝน,18,933
หลวง,18,934
ข่าย,18,935
สุข,18,936
นาฬ,18,937
งาน,18,938
พายุ,18,939
เส้น,18,940
ชั่ง,18,941
เบา,18,942
กุฎุมพี,18,943
สามีภรรยา,18,944
ก็แล้วกัน,18,945
โยชน์,18,946
ตอบแทน,18,947
บ้านเมือง,18,948
โคน,18,949
ดวงตา,18,950
ลูกช้าง,18,951
พระราชทาน,18,952
เหนือ,18,953
อุโบสถ,18,954
เตือน,18,955
ที่เกิดขึ้น,18,956
เวฬุ,18,957
รวย,18,958
หรือว่า,18,959
สาเหตุ,18,960
มิตร,18,961
ข่ม,18,962
เทว,18,963
คัพ,18,964
วิสัย,18,965
สาวิถี,18,966
แล้วตรัส,18,967
สัม,18,968
อ้วน,17,969
ต้อนรับ,17,970
เพราะเหตุใด,17,971
กุลบุตร,17,972
เติบโต,17,973
คร่ำครวญ,17,974
ความสงสัย,17,975
ต้ม,17,976
ดูก่อน,17,977
ดัก,17,978
อุสภ,17,979
เป็นใหญ่,17,980
รูปงาม,17,981
ทำบุญ,17,982
เอาล่ะ,17,983
ไร้,17,984
ทรัพย์สิน,17,985
สมาธิ,17,986
ตกมัน,17,987
มากิน,17,988
ปีก,17,989
แสง,17,990
ก้อน,17,991
สายตา,17,992
ซัก,17,993
แสน,17,994
พินทุ,17,995
เร่ง,17,996
ปลูก,17,997
เลื้อย,17,998
ถ่าย,17,999
เป็นที่พึ่ง,17,1000
เสา,17,1001
เคารพ,17,1002
พุ่ง,17,1003
สุก,17,1004
สะใภ้,17,1005
ภัต,17,1006
หลงเชื่อ,17,1007
เจ้าคะ,17,1008
นางก็,17,1009
สุภ,17,1010
กินน้ำ,17,1011
ยาพิษ,17,1012
ตัจฉก,17,1013
คนดูแล,17,1014
วาทะ,17,1015
มัณฑ,17,1016
เตี้ย,17,1017
เหยื่อ,16,1018
ขัง,16,1019
มตกภัต,16,1020
ขนาดใหญ่,16,1021
อย่างมีความสุข,16,1022
วันที่,16,1023
ท่าที,16,1024
หัก,16,1025
เอ๊ะ,16,1026
รุ่งเช้า,16,1027
นึก,16,1028
เงียบ,16,1029
ความผิด,16,1030
อธรรม,16,1031
เชียว,16,1032
เพชฌฆาต,16,1033
มีเรื่อง,16,1034
ศิลปะ,16,1035
จุติ,16,1036
พระนาม,16,1037
ห้อง,16,1038
ถั่ว,16,1039
อันเป็น,16,1040
แทง,16,1041
ห่วง,16,1042
ปกป้อง,16,1043
ดอกบัว,16,1044
หนีบ,16,1045
เจ้าเมือง,16,1046
เพลง,16,1047
ท่านฤาษี,16,1048
กุศล,16,1049
ความกลัว,16,1050
ตะเคียน,16,1051
ต่อสู้,16,1052
รังเกียจ,16,1053
ไหล,16,1054
คุม,16,1055
โลก,16,1056
ขี้,16,1057
กี่,16,1058
น่ากลัว,16,1059
วิชา,16,1060
ปัณฑ,16,1061
ขึ้นไป,16,1062
ความคิด,16,1063
ปลอม,16,1064
มงคล,16,1065
ดาบสหนุ่ม,16,1066
อริ,16,1067
บุตรี,16,1068
อุปนันท,16,1069
นันทิ,16,1070
แต่งตั้ง,16,1071
เหว,16,1072
ท้องพระโรง,16,1073
หัตถ,16,1074
กำไร,16,1075
คนขับ,16,1076
ตบะ,16,1077
ช่างเหล็ก,16,1078
ณฑิ,16,1079
อุทิศ,15,1080
วัย,15,1081
คลอด,15,1082
สาธุ,15,1083
แต่งงาน,15,1084
ดุจ,15,1085
โปรดปราน,15,1086
นางสนม,15,1087
ข้าพระพุทธเจ้า,15,1088
ปิ่น,15,1089
โศก,15,1090
โศกเศร้า,15,1091
เบื่อหน่าย,15,1092
เหรียญ,15,1093
เสื่อม,15,1094
ตรา,15,1095
รอบ,15,1096
เวร,15,1097
วินทุกะ,15,1098
ข้างหน้า,15,1099
รอยเท้า,15,1100
ครรภ์,15,1101
บาท,15,1102
ทำได้,15,1103
ท่านอย่า,15,1104
ละทิ้ง,15,1105
พระคุณ,15,1106
บูชา,15,1107
น่ารัก,15,1108
งูเห่า,15,1109
ข้างขึ้น,15,1110
งูพิษ,15,1111
นายวาณิชย์,15,1112
าวุธ,15,1113
เยี่ยง,15,1114
สิ่งของ,15,1115
หนอนคู,15,1116
หลาว,15,1117
คนแก่,15,1118
ห้า,15,1119
ถอน,15,1120
แมวป่า,15,1121
กสิ,15,1122
อาตมภาพ,15,1123
พญานาคนั้น,15,1124
เหยี่ยว,15,1125
ทานพ,15,1126
กรรณ,15,1127
จำนวน,14,1128
ในขณะที่,14,1129
สกุล,14,1130
ทำหน้าที่,14,1131
บางคน,14,1132
หล่อ,14,1133
เดือดร้อน,14,1134
สั่งสอน,14,1135
สีสะ,14,1136
นางกา,14,1137
วินิลกะ,14,1138
ราชรถ,14,1139
คุ้มครอง,14,1140
บรรทม,14,1141
คิดได้,14,1142
วางแผน,14,1143
หลบหนี,14,1144
ชายแดน,14,1145
แปลง,14,1146
ความสามารถ,14,1147
ลงโทษ,14,1148
ยาม,14,1149
สุชาดา,14,1150
ครอบงำ,14,1151
โอรสองค์,14,1152
หนังสือ,14,1153
ส่วย,14,1154
เศร้าหมอง,14,1155
หมาย,14,1156
ชมพูทวีป,14,1157
ขับร้อง,14,1158
กระโดด,14,1159
หลงกล,14,1160
สรรเสริญ,14,1161
บาตร,14,1162
หอฉัน,14,1163
สติ,14,1164
เด็ด,14,1165
ก้อนหิน,14,1166
รวน,14,1167
เมา,14,1168
วัณ,14,1169
ร้อย,14,1170
อธิบาย,14,1171
เสนาสนะ,14,1172
อ่อน,14,1173
ปัก,14,1174
ป่วย,14,1175
ตำหนิ,14,1176
ทำทาน,14,1177
ประจำ,14,1178
ต้องตาย,14,1179
โว้ย,14,1180
เก่ง,14,1181
สินธพ,14,1182
ลาน,14,1183
ัณฑิต,14,1184
จ่าฝูง,14,1185
เสียบ,14,1186
ผ้าย้อม,14,1187
ราง,14,1188
อุป,14,1189
องครักษ์,14,1190
ออกมาจาก,14,1191
ผู้รักษา,14,1192
จ้องมอง,14,1193
เเล้ว,14,1194
ควัน,14,1195
เป็นอยู่,14,1196
ปรัน,14,1197
เกลือ,14,1198
อัพภันตร,14,1199
ตั้งอยู่,13,1200
รอดตาย,13,1201
เป็นเวลา,13,1202
ปลุก,13,1203
กันได้,13,1204
สนิทสนม,13,1205
กรรมฐาน,13,1206
ประสงค์,13,1207
มัด,13,1208
เวฬุวัน,13,1209
บินหนี,13,1210
พี่เลี้ยง,13,1211
ฐานะ,13,1212
ดีล่ะ,13,1213
ประหาร,13,1214
อุทัย,13,1215
พิภพ,13,1216
เมล็ด,13,1217
โหดร้าย,13,1218
ช้างก็,13,1219
พฤติกรรม,13,1220
สถิต,13,1221
ประทาน,13,1222
คีรี,13,1223
รสชาติ,13,1224
ขทิ,13,1225
ว่ะ,13,1226
นายวาณิช,13,1227
ดีแล้ว,13,1228
เย้,13,1229
สกปรก,13,1230
โน่น,13,1231
แร้ว,13,1232
สัต,13,1233
ซุกซน,13,1234
ดื้อรั้น,13,1235
ควรจะ,13,1236
โลหิต,13,1237
ถ่าน,13,1238
เพลิง,13,1239
วิชชา,13,1240
สะอาด,13,1241
ชื่นชม,13,1242
ส่อเสียด,13,1243
สลากภัต,13,1244
เหี้ย,13,1245
มีลูก,13,1246
ปริ,13,1247
ชิ้น,13,1248
กังสะ,13,1249
ประตูเมือง,13,1250
มูล,13,1251
แก้,13,1252
เกินไป,13,1253
กองไฟ,13,1254
ปรุง,13,1255
จอบ,13,1256
ส้ม,13,1257
ประชุมกัน,13,1258
ข้าวสาร,13,1259
ปึก,13,1260
สูบ,13,1261
ช่อง,13,1262
ทีปาย,13,1263
เถรี,13,1264
ฤาษิณี,13,1265
มาทันตี,13,1266
ปารก,13,1267
เดือด,13,1268
กระทา,13,1269
ลูกเรือ,12,1270
รอด,12,1271
ประดับ,12,1272
สังเกต,12,1273
ขององค์,12,1274
ปรึกษา,12,1275
ลุก,12,1276
เทศนา,12,1277
ยอดเขา,12,1278
ต้องมี,12,1279
เหมือนกับ,12,1280
ออกจากบ้าน,12,1281
แท่ง,12,1282
เป็นชู้,12,1283
โดยธรรม,12,1284
ภาชนะ,12,1285
พระศาสนา,12,1286
พระนางอุทัย,12,1287
ถาด,12,1288
มองเห็น,12,1289
สาธยาย,12,1290
อัศจรรย์,12,1291
สามัคคี,12,1292
แยก,12,1293
แน่นอน,12,1294
พระอาราม,12,1295
ผ่านมา,12,1296
ฟ้า,12,1297
พำนัก,12,1298
แล้วจะ,12,1299
อุปการะ,12,1300
รัฐ,12,1301
ถวายพระพร,12,1302
คำตอบ,12,1303
ปีติ,12,1304
ปลด,12,1305
ทั้งสองก็,12,1306
เข้าไปยัง,12,1307
ฝึก,12,1308
เชื่อฟัง,12,1309
เข้าไปหา,12,1310
คำของ,12,1311
ฉัพพั,12,1312
ีย์,12,1313
บริจาค,12,1314
วาระ,12,1315
ตำรา,12,1316
ร่ายมนต์,12,1317
ท้องฟ้า,12,1318
เปรียบ,12,1319
สง่างาม,12,1320
อุปัฏฐาก,12,1321
สมัน,12,1322
ผู้นำ,12,1323
ขรรค์,12,1324
ข้าวยาคู,12,1325
สัตบุรุษ,12,1326
บัว,12,1327
พระชายา,12,1328
ไปเที่ยว,12,1329
นั้นแล้ว,12,1330
ด้วง,12,1331
ดีขึ้น,12,1332
วินัยธร,12,1333
ผัว,12,1334
ถ้อยคำของ,12,1335
โต้,12,1336
ขาว,12,1337
ชี้,12,1338
รูปอื่น,12,1339
นายมัณฑ,12,1340
พระยา,12,1341
กามทั้งหลาย,12,1342
อิสิ,12,1343
สมณ,12,1344
กภั,12,1345
นางอุ,12,1346
สิริ,11,1347
มหาสมุทร,11,1348
แปลก,11,1349
สาย,11,1350
ของอาจารย์,11,1351
ไปดู,11,1352
เล่าเรียน,11,1353
ข้าวเปลือก,11,1354
เซ็ง,11,1355
ให้กำเนิด,11,1356
ชายป่า,11,1357
มาสู่,11,1358
เทหะ,11,1359
เขียว,11,1360
สุริยะ,11,1361
ขอเดชะ,11,1362
คืนนี้,11,1363
ปลอมตัว,11,1364
อาหารที่,11,1365
เป็นปกติ,11,1366
วิธี,11,1367
โทมนัส,11,1368
ของอำมาตย์,11,1369
ทรยศ,11,1370
ให้โอวาท,11,1371
กำจัด,11,1372
แถว,11,1373
พราย,11,1374
จิก,11,1375
กระ,11,1376
ทนไม่ไหว,11,1377
ทิศ,11,1378
คนพาล,11,1379
กว้างใหญ่,11,1380
หึๆ,11,1381
แข็ง,11,1382
มานาน,11,1383
บ่น,11,1384
บุญคุณ,11,1385
จับได้,11,1386
ฟัน,11,1387
ทำเป็น,11,1388
ตัวผู้,11,1389
ขอโทษ,11,1390
บุปผ,11,1391
ล้อม,11,1392
คบหา,11,1393
มีค่า,11,1394
ก่อ,11,1395
มีรส,11,1396
ประเสริฐ,11,1397
ข้างแรม,11,1398
ลำดับ,11,1399
เกี่ยว,11,1400
ยอมแพ้,11,1401
หอก,11,1402
ตาบอด,11,1403
เปล่า,11,1404
ต้นไทร,11,1405
บัลลังก์,11,1406
ความลับ,11,1407
กุมาริกา,11,1408
วดี,11,1409
ย่าง,11,1410
เศวตฉัตร,11,1411
มโหสถ,11,1412
ปทุม,11,1413
ชายา,11,1414
ขี้โอ่,11,1415
ภิกษา,11,1416
การกระทำ,11,1417
แพ้ท้อง,11,1418
แลดู,11,1419
เนรมิต,11,1420
รักษาศีล,11,1421
ประหยัด,11,1422
พระธรรมกถึก,11,1423
สบายใจ,11,1424
เอาแต่,11,1425
คำพูด,11,1426
เอาชนะ,11,1427
เขี้ยว,11,1428
เปล่ง,11,1429
นมัสการ,11,1430
ผอม,11,1431
โรคนี้,11,1432
ใบหน้าที่,11,1433
เสน,11,1434
ฮึก,11,1435
โกฏิ,11,1436
เดือดร้อนใน,11,1437
ตาข่าย,11,1438
ตูบน้อย,11,1439
พ่อครัว,11,1440
พนักงาน,11,1441
ราหุล,11,1442
หมองู,11,1443
ขมิ้น,11,1444
เป็นไง,10,1445
ทิพย์,10,1446
ถูกนำ,10,1447
ตักเตือน,10,1448
แล้วรึ,10,1449
มีใจ,10,1450
ธุระ,10,1451
เยี่ยม,10,1452
ความสัมพันธ์,10,1453
แทบ,10,1454
น้า,10,1455
หลาน,10,1456
ธรรมสภา,10,1457
ที่นาง,10,1458
กราบ,10,1459
บรรทุก,10,1460
นักโทษ,10,1461
กาลก่อน,10,1462
เขต,10,1463
ให้พระราชา,10,1464
อารมณ์,10,1465
อภิเษก,10,1466
สวรรคต,10,1467
ศึก,10,1468
ไตรเพท,10,1469
บรรพต,10,1470
ทั้งวัน,10,1471
แต่กลับ,10,1472
มีด,10,1473
ระวัง,10,1474
ขวางทาง,10,1475
ขอร้อง,10,1476
ในทันที,10,1477
ปวด,10,1478
ธรรมชาติ,10,1479
มานะ,10,1480
อาราม,10,1481
ฝีมือ,10,1482
ประณีต,10,1483
ชาวบ้านที่,10,1484
ก๊อก,10,1485
แวะ,10,1486
ไม่งั้น,10,1487
อพยพ,10,1488
มารดาบิดา,10,1489
ตามปกติ,10,1490
ช้างอาชานัย,10,1491
สิ้นชีวิต,10,1492
น้ำมัน,10,1493
สักนิด,10,1494
เบียดเบียน,10,1495
ความเคารพ,10,1496
แถวนี้,10,1497
นิโครธ,10,1498
เวท,10,1499
เฆี่ยน,10,1500
ศาสนา,10,1501
พระนางกากา,10,1502
กุเวร,10,1503
ัณณก,10,1504
น้ำผึ้ง,10,1505
สาตมนต์,10,1506
ประทุษร้าย,10,1507
ทูลถาม,10,1508
ตอบคำถาม,10,1509
เณร,10,1510
สักหน่อย,10,1511
ถือเอา,10,1512
พุทโธ,10,1513
คนใน,10,1514
เหมาะ,10,1515
เชษฐา,10,1516
สารถี,10,1517
ดื่มเหล้า,10,1518
วาจา,10,1519
ตะโกน,10,1520
กลอง,10,1521
โลกนี้,10,1522
การัน,10,1523
มืด,10,1524
ราชองครักษ์,10,1525
รูปงามกว่า,10,1526
งามกว่า,10,1527
แม่น้ำคงคา,10,1528
ความสงบ,10,1529
เด็ดขาด,10,1530
ยาจก,10,1531
ถามถึง,10,1532
นายกอง,10,1533
ของดี,10,1534
ในอนาคต,10,1535
สะเดา,10,1536
ดวง,10,1537
ยัญ,10,1538
ตระกูลพญา,10,1539
ปิล,10,1540
เหง้า,10,1541
น้ำตา,10,1542
เจรจา,10,1543
สัน,10,1544
วิทยาธร,10,1545
ทองกวาว,10,1546
พินาศ,9,1547
อดทน,9,1548
ฟ้อน,9,1549
ว่างเว้น,9,1550
แวะเวียน,9,1551
ลักษณะ,9,1552
ที่มา,9,1553
คู่ครอง,9,1554
นั้นแหละ,9,1555
คุ้นเคย,9,1556
ถวายบังคม,9,1557
ุมพิก,9,1558
ตำบล,9,1559
กุ่ม,9,1560
ความพินาศ,9,1561
กานั้น,9,1562
ป้องกัน,9,1563
อานุภาพ,9,1564
คุณหนู,9,1565
ตลาด,9,1566
ครองรัก,9,1567
ดิน,9,1568
แล้วนี่,9,1569
ข่าวลือ,9,1570
ให้หาย,9,1571
รักใคร่,9,1572
ชาวชนบท,9,1573
ดำรง,9,1574
เม็ด,9,1575
อุบาสิกา,9,1576
หมูป่า,9,1577
รำคาญ,9,1578
ขวบ,9,1579
ตัวเล็ก,9,1580
ตรงนั้น,9,1581
สรรพสัตว์,9,1582
จ่า,9,1583
หมื่น,9,1584
ลัน,9,1585
จะงอย,9,1586
มานิ,9,1587
เปรต,9,1588
โพธิสัตว์,9,1589
ผีเสื้อน้ำ,9,1590
ตามหา,9,1591
คนดี,9,1592
คนชั่ว,9,1593
พระญาติ,9,1594
ถอด,9,1595
ตำหนัก,9,1596
หนองน้ำ,9,1597
ว่าย,9,1598
อายุ,9,1599
เคาะ,9,1600
พิมพา,9,1601
เบื้องล่าง,9,1602
ทายาท,9,1603
อภิญญา,9,1604
สมาบัติ,9,1605
ลักขณา,9,1606
เว้น,9,1607
พระเจ้าคะ,9,1608
ออกผล,9,1609
โดยทันที,9,1610
ทองหลาง,9,1611
โอ้โห,9,1612
ดิ้น,9,1613
ผ้าห่ม,9,1614
ทราย,9,1615
อวด,9,1616
บ่อ,9,1617
คฤหัสถ์,9,1618
หัวหน้าฝูง,9,1619
จิกกิน,9,1620
ขอขมา,9,1621
เป็นสุข,9,1622
ปลาย,9,1623
ฟื้น,9,1624
สักที,9,1625
ห้ามปราม,9,1626
ครู,9,1627
วิปัสสนา,9,1628
ยกโทษให้,9,1629
ลุ่ม,9,1630
ท่อน,9,1631
คำทำนาย,9,1632
เป็นห่วง,9,1633
รูปร่าง,9,1634
ตะครุบ,9,1635
อาชา,9,1636
เจ้านาย,9,1637
ลูกน้อง,9,1638
แตกตื่น,9,1639
สั่น,9,1640
เจ้าพ่อ,9,1641
เกรงใจ,9,1642
กลืน,9,1643
ปัจจัย,9,1644
ปฏิเสธ,9,1645
ให้พระองค์,9,1646
ปัจจันต,9,1647
ห่ม,9,1648
ศาสตร์,9,1649
เครื่องกรองน้ำ,9,1650
มั่นคง,9,1651
ไว้ชีวิต,9,1652
ปล้อง,9,1653
ยานี้,9,1654
วิสาล,9,1655
ดาบสน้อย,9,1656
นายอำเภอ,9,1657
โกสัมพี,9,1658
รับศีล,9,1659
มอบ,9,1660
เจริญพร,9,1661
สุชาตกุมาร,9,1662
สถูป,9,1663
ปุถุชน,9,1664
เป็นโรค,9,1665
ไม่เที่ยง,9,1666
จัดเตรียม,9,1667
สามนตราช,9,1668
สวนผลไม้,9,1669
มีพิษ,9,1670
สาลิกา,9,1671
เครื่องประดับ,9,1672
พร้า,9,1673
อัญมณี,9,1674
ลิจฉวี,9,1675
สนุก,9,1676
จอมปลวก,9,1677
ถูกงู,9,1678
กระเทียม,9,1679
คนโง่,9,1680
พิสูจน์,9,1681
อาหารมา,9,1682
โรงทาน,9,1683
ตรวจ,9,1684
ทาสหนุ่ม,9,1685
วินิจฉัย,9,1686
สิง,9,1687
เหลาะแหละ,9,1688
ท่านอนาถบิณฑ,9,1689
กัป,9,1690
คาม,9,1691
จันท์,9,1692
สุนทรี,9,1693
สุตนะ,9,1694
เรือสำเภา,8,1695
วลาหก,8,1696
เป็นสาว,8,1697
พลัด,8,1698
ฝัน,8,1699
ลูกสาวทั้ง,8,1700
เลือกคู่,8,1701
ท้าย,8,1702
ของกระผม,8,1703
ความรู้,8,1704
ให้พราหมณ์,8,1705
แนะนำ,8,1706
มีประโยชน์,8,1707
เจอกับ,8,1708
กลิ้ง,8,1709
สัตย์,8,1710
เทียบ,8,1711
ในขณะนั้น,8,1712
รูปโฉม,8,1713
ตั้งแต่นั้นมา,8,1714
ว่านาง,8,1715
ข้อนี้,8,1716
ลงมือ,8,1717
กอด,8,1718
แน่น,8,1719
หมายถึง,8,1720
ปฏิพัทธ์,8,1721
ไม่เป็นอัน,8,1722
ใส่ร้าย,8,1723
ข้าวของ,8,1724
เสียหาย,8,1725
ลุ่มหลง,8,1726
สว่าง,8,1727
ล่วง,8,1728
หนทาง,8,1729
สอนมนต์,8,1730
อีกต่อไป,8,1731
ฤทธิ์,8,1732
คิรี,8,1733
แสร้ง,8,1734
อาชีพ,8,1735
หาวิธี,8,1736
ขอให้ท่าน,8,1737
แก้แค้น,8,1738
ขอความช่วยเหลือ,8,1739
คลื่น,8,1740
สนุกสนาน,8,1741
มื้อ,8,1742
ถีบ,8,1743
ตอน,8,1744
ยุยง,8,1745
ฮึย,8,1746
หันไป,8,1747
เปี่ยม,8,1748
บริการ,8,1749
สำรวจ,8,1750
หมู่ญาติ,8,1751
คำสอน,8,1752
ดีละ,8,1753
ยาย,8,1754
สมุทร,8,1755
นุ่ม,8,1756
หยุดพัก,8,1757
เรี่ยวแรง,8,1758
มีน้ำ,8,1759
ช่วยชีวิต,8,1760
ปัตตะ,8,1761
โชคร้าย,8,1762
ดัน,8,1763
ยอมให้,8,1764
สาดก,8,1765
งิ้ว,8,1766
หนี้,8,1767
เจ้าของ,8,1768
ท่าน้ำ,8,1769
ให้พระ,8,1770
พ่ายแพ้,8,1771
เป็นธรรม,8,1772
คดี,8,1773
เท็จ,8,1774
คำเตือน,8,1775
ดื้อ,8,1776
เดินผ่าน,8,1777
พระธรรมเทศนา,8,1778
ยำเกรง,8,1779
อุ๊ย,8,1780
ฆราวาส,8,1781
อนุญาต,8,1782
เบื้องหน้า,8,1783
เลียนแบบ,8,1784
ดุร้าย,8,1785
ชนชั้น,8,1786
ผู้ให้,8,1787
ลูกธนู,8,1788
น้องสาว,8,1789
เป็นประโยชน์,8,1790
ภริยา,8,1791
สีดำ,8,1792
เดินทางมา,8,1793
ไหนกัน,8,1794
เฆี่ยนตี,8,1795
ลวะ,8,1796
ทางธรรม,8,1797
นายช่าง,8,1798
แฮะ,8,1799
ใต้ดิน,8,1800
ด่า,8,1801
เปลือย,8,1802
ห่วงใย,8,1803
รองเท้า,8,1804
บอกกับ,8,1805
เชลย,8,1806
ต่างเมือง,8,1807
ชั่วครู่,8,1808
ก้น,8,1809
ท่านทั้งสอง,8,1810
พญาฉัททันต์,8,1811
กึ่ง,8,1812
ทดสอบ,8,1813
อันเป็นที่รัก,8,1814
ทิศา,8,1815
ที่นั่ง,8,1816
ล่อ,8,1817
ศีลธรรม,8,1818
แสนรู้,8,1819
คำราม,8,1820
วาสุเทพ,8,1821
เหล็ก,8,1822
เพ้อ,8,1823
ระหว่างทาง,8,1824
พระนางอุ,8,1825
ความปรารถนา,8,1826
อาการป่วย,8,1827
ถกเถียง,8,1828
มุสาวาท,8,1829
ชวน,8,1830
เงินทอง,8,1831
ดูก่อนมหาบพิตร,8,1832
ของดาบส,8,1833
เค็ม,8,1834
ให้ศีล,8,1835
เคียงข้าง,8,1836
จมูก,8,1837
สุขจริง,8,1838
รางวัล,8,1839
มหรสพ,8,1840
โพรง,8,1841
ชัยชนะ,8,1842
เรือนจำ,8,1843
ขุนนาง,8,1844
ถือกำเนิด,8,1845
ชั้นดี,8,1846
สุดท้อง,8,1847
อุทาน,8,1848
ตอนนั้น,8,1849
พาย,8,1850
ปิตา,8,1851
เข้าถึง,8,1852
สัจกิริยา,8,1853
ไมตรีจิต,8,1854
ก้อนดิน,8,1855
อติ,8,1856
หนุน,8,1857
เหมือนงอนไถ่,8,1858
ปัง,8,1859
ที่เกิด,8,1860
ทายี,8,1861
หน้าต่าง,8,1862
ขอนไม้,8,1863
เทวทหะ,8,1864
นกกระจาบ,8,1865
ลูกอ่อน,8,1866
เจตนา,8,1867
เกสวดาบส,8,1868
จินตี,8,1869
พาหุ,8,1870
สปา,8,1871
ขันติ,8,1872
ผู้ชาย,7,1873
เชอะ,7,1874
ลูกเขย,7,1875
สาเกต,7,1876
ต่อหน้า,7,1877
เป็นเรื่อง,7,1878
ชื่นใจ,7,1879
ยูง,7,1880
ทองก็,7,1881
รุ่งขึ้น,7,1882
คณิกา,7,1883
เจ้าหน้าที่,7,1884
ปรีชา,7,1885
ขยันขันแข็ง,7,1886
ไว้ใจ,7,1887
หลังจากนั้น,7,1888
ประพาส,7,1889
ซวย,7,1890
ซ่อน,7,1891
ข้าวกล้า,7,1892
อนุชา,7,1893
ตรวจดู,7,1894
จำแลง,7,1895
มานพนั้น,7,1896
พระประยูรญาติ,7,1897
กษาปณ์,7,1898
ผนวช,7,1899
ร่วง,7,1900
ภาระ,7,1901
กุมารพราหมณ์,7,1902
ขัตติย,7,1903
ติดใจ,7,1904
ล่าสัตว์,7,1905
โพรงไม้,7,1906
เจ็บป่วย,7,1907
ขวาน,7,1908
ประ,7,1909
นาม,7,1910
ชาวป่า,7,1911
พลาด,7,1912
ในที่สุดก็,7,1913
แป้ง,7,1914
นกยาง,7,1915
ยโสธรา,7,1916
ดังที่,7,1917
ทุกข์ใจ,7,1918
หลุด,7,1919
เบาะ,7,1920
จำนวนมาก,7,1921
ขืน,7,1922
ป่าไม้,7,1923
ผ้านุ่ง,7,1924
จุด,7,1925
พลีกรรม,7,1926
เนื้อตัว,7,1927
ของป่า,7,1928
ลำบาก,7,1929
ครั้นแล้ว,7,1930
ทองมา,7,1931
พุ่มไม้,7,1932
ได้คิด,7,1933
ดวงตาของ,7,1934
เง่า,7,1935
ดูด,7,1936
แย่ง,7,1937
คลาย,7,1938
ตัดไม้,7,1939
ผสม,7,1940
อาลัย,7,1941
งวง,7,1942
ข้าศึก,7,1943
มีนิสัย,7,1944
ต้องมา,7,1945
ขึ้นชื่อว่า,7,1946
ประพฤติตน,7,1947
ล่วงหน้า,7,1948
กวางทอง,7,1949
ถนน,7,1950
รถม้า,7,1951
ป้า,7,1952
โดยเร็ว,7,1953
ขันธ์,7,1954
หวาดกลัว,7,1955
แบบที่,7,1956
ควาญช้าง,7,1957
โรงครัว,7,1958
นิสัย,7,1959
สุบรรณ,7,1960
คนรัก,7,1961
ฟุ้ง,7,1962
คลุม,7,1963
ล่อลวง,7,1964
ชุด,7,1965
หลงใหล,7,1966
สัตว์ป่า,7,1967
คุณแม่,7,1968
รุมกัด,7,1969
าฬิ,7,1970
โอ๊ะ,7,1971
เว้ย,7,1972
ปัณ,7,1973
ชีเปลือย,7,1974
เหล่านาค,7,1975
ความเดือดร้อน,7,1976
น่าเลื่อมใส,7,1977
ปักขิก,7,1978
ช่างตัดผม,7,1979
สวามี,7,1980
โอ้อวด,7,1981
สมิทธิ,7,1982
ครุ่นคิด,7,1983
เป็นทุกข์,7,1984
ราชนิเวศน์,7,1985
บรรพชา,7,1986
เถ้า,7,1987
สาก,7,1988
รดน้ำ,7,1989
ราก,7,1990
พนัน,7,1991
โคนันทิวิสาล,7,1992
พูดจา,7,1993
เข้าใจผิด,7,1994
ถูกจับ,7,1995
ฝ่า,7,1996
พาณิชย์,7,1997
เนียน,7,1998
เติม,7,1999
คู่ใจ,7,2000
ตุ่ม,7,2001
เป็นพิเศษ,7,2002
พิการ,7,2003
สีแดง,7,2004
ท่ามกลาง,7,2005
ตึก,7,2006
เสียงดัง,7,2007
ทธิ,7,2008
วาหนะ,7,2009
ตลก,7,2010
โกรก,7,2011
ลัม,7,2012
พระฤๅษี,7,2013
หว้า,7,2014
สิข,7,2015
เพราะเหตุไร,7,2016
เถร,7,2017
อโคจร,7,2018
ท่า,7,2019
อนุ,7,2020
ส่วนแบ่ง,7,2021
รื้อ,7,2022
ทัญ,7,2023
ชลี,7,2024
เดน,7,2025
แล้วกล่าวว่า,7,2026
เนรคุณ,7,2027
ทะนาน,7,2028
ลำธาร,7,2029
ปิงคละ,7,2030
เจ้าหญิง,7,2031
พูดว่า,7,2032
ทำบาปนั้น,7,2033
บริษัท,7,2034
อภิ,7,2035
อสทิ,7,2036
อำนาจกิเลส,6,2037
ห้วง,6,2038
น้องๆ,6,2039
แปลงกาย,6,2040
ความดี,6,2041
สืบไป,6,2042
ปานา,6,2043
รูปอื่นๆ,6,2044
ส่งเสียง,6,2045
โพธิ์,6,2046
เตรียมตัว,6,2047
เหล่ามานพ,6,2048
จับไก่,6,2049
แล้วนำ,6,2050
อยู่เลย,6,2051
ผิดเวลา,6,2052
มีลูกสาว,6,2053
ล้ำ,6,2054
ต่อให้,6,2055
คนละ,6,2056
เติบใหญ่,6,2057
ลับ,6,2058
เป็นผู้ใหญ่,6,2059
บ้า,6,2060
แม่เจ้า,6,2061
เป็นมารดา,6,2062
ย่า,6,2063
วรุณ,6,2064
เสวยราชสมบัติ,6,2065
ตั้งชื่อ,6,2066
เจียมตัว,6,2067
หญิงสาวที่,6,2068
สวด,6,2069
สาวก็,6,2070
ร่ำรวย,6,2071
รับใช้,6,2072
แก่นาง,6,2073
แจ้ง,6,2074
ขยัน,6,2075
ร่าเริง,6,2076
สีเหลือง,6,2077
เป็นความจริง,6,2078
นายทหาร,6,2079
ประจักษ์,6,2080
กราบทูลพระราชา,6,2081
นางงาม,6,2082
ค้น,6,2083
บริสุทธิ์,6,2084
บันดาล,6,2085
ทรงกระทำ,6,2086
ต้นไม้ที่,6,2087
เอาเถิด,6,2088
ยกเว้น,6,2089
พระราชานั้น,6,2090
เปลื้อง,6,2091
ห้องบรรทม,6,2092
ผู้ทรง,6,2093
พิสดาร,6,2094
โหดเหี้ยม,6,2095
พ่อค้าบัณฑิต,6,2096
ปราณี,6,2097
เดินตาม,6,2098
เป็นตัว,6,2099
ส่งเสียงร้อง,6,2100
อ้อนวอน,6,2101
กรุณา,6,2102
อุ้ย,6,2103
เวสสุวรรณ,6,2104
ราชคฤห์,6,2105
แตะ,6,2106
ศากยวงศ์,6,2107
เคยมี,6,2108
ทิฐิ,6,2109
เห็นที,6,2110
โอกาส,6,2111
คราวนี้แหละ,6,2112
กระโจน,6,2113
วานรก็,6,2114
เสียที,6,2115
รอย,6,2116
สุทโธทนะ,6,2117
จาริก,6,2118
เส้นทาง,6,2119
เดินทางกลับ,6,2120
ตรงไหน,6,2121
อวดดี,6,2122
พระนางมุทุ,6,2123
กามราคะ,6,2124
ทำให้พระ,6,2125
หุ้ม,6,2126
มั่ง,6,2127
เอาชีวิต,6,2128
มีเจ้าของ,6,2129
วานรนั้น,6,2130
ตื่นขึ้น,6,2131
สักพัก,6,2132
เพื่อนรัก,6,2133
สลวย,6,2134
อาภรณ์,6,2135
โอย,6,2136
คิชฌ,6,2137
ร่อน,6,2138
หาทาง,6,2139
หลอกล่อ,6,2140
ท้า,6,2141
พุทธบริษัท,6,2142
ทั้งหลายก็,6,2143
โสมนัส,6,2144
นวด,6,2145
การที่,6,2146
เหล่านก,6,2147
เกรง,6,2148
สาลี,6,2149
หยาบคาย,6,2150
รุนแรง,6,2151
ปรองดอง,6,2152
ตามเสด็จ,6,2153
ถือศีล,6,2154
ผู้ว่ายาก,6,2155
อาวุโส,6,2156
พืช,6,2157
ความร้อน,6,2158
อุปสมบท,6,2159
สงบสุข,6,2160
รอง,6,2161
นิคม,6,2162
เต็มที่,6,2163
กัสสปะ,6,2164
เสียสละ,6,2165
เลื่อน,6,2166
นางกวาง,6,2167
มิจฉาทิฐิ,6,2168
พระรัตนตรัย,6,2169
ให้ผล,6,2170
ราวกับ,6,2171
ปาน,6,2172
สำนึก,6,2173
สุดท้ายก็,6,2174
เกรงกลัว,6,2175
เชี่ยวชาญ,6,2176
เลส,6,2177
ด้าม,6,2178
ดุเหว่า,6,2179
ถ้อยคำ,6,2180
ทานอะไร,6,2181
กำแพง,6,2182
ขมัง,6,2183
เพียงนี้,6,2184
สมมติเทพ,6,2185
ข้าพระ,6,2186
สามะ,6,2187
เดินตามหลัง,6,2188
ข้างใน,6,2189
แล้วไป,6,2190
หันมา,6,2191
เหงา,6,2192
ฉิมพลี,6,2193
กากา,6,2194
ฉับพลัน,6,2195
คนธรรพ์,6,2196
ตัวเรา,6,2197
กินข้าว,6,2198
ดึง,6,2199
อีกไม่นาน,6,2200
เทวีก็,6,2201
สมน้ำหน้า,6,2202
รุจา,6,2203
ต้นไม้ต้น,6,2204
เซ่นไหว้,6,2205
บูชายัญ,6,2206
ทั่วเมือง,6,2207
โอ่,6,2208
เรื่องอะไร,6,2209
นับถือ,6,2210
นาคราช,6,2211
ความห่วงใย,6,2212
เมืองอา,6,2213
ผู้ยิ่งใหญ่,6,2214
มาสิ,6,2215
คำสอนของ,6,2216
ปาฏิหาริย์,6,2217
เหน็ดเหนื่อย,6,2218
ช่วยดูแล,6,2219
ได้สติ,6,2220
ระลึก,6,2221
อธิษฐาน,6,2222
ขอบ,6,2223
มาตุคาม,6,2224
อึบ,6,2225
นุ่ง,6,2226
ตัดกิเลส,6,2227
เหล่าสัตว์,6,2228
ปีน,6,2229
อุทยานของ,6,2230
บ่าวไพร่,6,2231
เจ็บตัว,6,2232
ย่อ,6,2233
สิเน่หา,6,2234
ภคินี,6,2235
สดใส,6,2236
รดน้ำต้นไม้,6,2237
มีเงิน,6,2238
ตามสบาย,6,2239
มักน้อย,6,2240
หยาบ,6,2241
แดง,6,2242
ลำตัว,6,2243
ยากจน,6,2244
หมดตัว,6,2245
โวยวาย,6,2246
อลัชชี,6,2247
สำรวม,6,2248
ไม่ต้องการ,6,2249
พูดกับ,6,2250
หรอกนะ,6,2251
สุระ,6,2252
สรรพ,6,2253
คนสวน,6,2254
ชนิด,6,2255
ขี้โกง,6,2256
พรหมโลก,6,2257
แกลบ,6,2258
ฉันใด,6,2259
ที่สอง,6,2260
ไปมา,6,2261
ข้าทาสบริวาร,6,2262
จูง,6,2263
แล้วกลับ,6,2264
เจติย,6,2265
เจ้าข้า,6,2266
ความตาย,6,2267
โดด,6,2268
ผลัก,6,2269
ห่อน้ำอ้อย,6,2270
นายอาวาริ,6,2271
กาน้ำ,6,2272
พิง,6,2273
ลุทายี,6,2274
ในที่นี้,6,2275
อ้อย,6,2276
นมสด,6,2277
รัตนะ,6,2278
ฉัต,6,2279
จาม,6,2280
มะตูม,6,2281
เปื้อน,6,2282
ที่พึ่ง,6,2283
ชะมด,6,2284
ธาร,6,2285
จงกรม,6,2286
ประหม่า,6,2287
เท่าไหร่นัก,6,2288
พระราชาตรัส,6,2289
ซากศพ,6,2290
การแสดง,6,2291
จาร,6,2292
ข้าวลีบ,6,2293
มีทาง,6,2294
ช้างพัง,6,2295
เงื้อม,6,2296
รีติวัจ,6,2297
คนใช้,6,2298
พล่าน,6,2299
เวสวัณ,6,2300
การพูด,6,2301
เครื่องผูก,6,2302
แปดเปื้อน,6,2303
มิตจินตี,6,2304
หัวดื้อ,6,2305
ภูตกุมาร,6,2306
อุททา,6,2307
เอสุการี,6,2308
ภังค,6,2309
เสนะ,6,2310
ยิ้ม,6,2311
ทำพิธี,6,2312
การิ,6,2313
สุมุข,6,2314
ชมพู่,6,2315
บาต,5,2316
กรรมนั้น,5,2317
ฝากตัว,5,2318
บ้านก็,5,2319
หน้าบ้าน,5,2320
เลือกคู่ครอง,5,2321
สั่งเสีย,5,2322
ประเดี๋ยว,5,2323
ทำให้พราหมณ์,5,2324
จีบลูกสาว,5,2325
ความคิดเห็น,5,2326
คนเรา,5,2327
สวัสดี,5,2328
โดยมี,5,2329
ออกพรรษา,5,2330
สดๆ,5,2331
วินีล,5,2332
เทียม,5,2333
ปริตร,5,2334
จากนกยูง,5,2335
สัจ,5,2336
เจริญวัย,5,2337
แต่งงานกับ,5,2338
ของมหา,5,2339
ลักลอบ,5,2340
พิโรธ,5,2341
พระสนม,5,2342
ที่รัก,5,2343
เป็นความลับ,5,2344
ลงอาญา,5,2345
เลว,5,2346
ขยันหมั่นเพียร,5,2347
ไร่นา,5,2348
พักอาศัย,5,2349
การรักษา,5,2350
โอรสอุทัย,5,2351
ซูบผอม,5,2352
จำเริญ,5,2353
พระราชโอรสอุทัย,5,2354
รูปปั้น,5,2355
ดาวดึงส์,5,2356
เส้นเอ็น,5,2357
ทำศึก,5,2358
สันโดษ,5,2359
สิ้นหวัง,5,2360
ตกแต่ง,5,2361
เนย,5,2362
พลบค่ำ,5,2363
เกะกะ,5,2364
ข้ามา,5,2365
ขอบฟ้า,5,2366
น่าเอ็นดู,5,2367
บพิท,5,2368
นิกาย,5,2369
ตอนที่,5,2370
ตัดเย็บ,5,2371
เย็บ,5,2372
เนื้อผ้า,5,2373
อุดมสมบูรณ์,5,2374
ไหมล่ะ,5,2375
ทำมาหากิน,5,2376
ซ้ำ,5,2377
นิพพาน,5,2378
ใจบุญ,5,2379
กินรี,5,2380
ฤดูหนาว,5,2381
ก็ตามใจ,5,2382
กริยา,5,2383
นั่งสมาธิ,5,2384
คุณวิเศษ,5,2385
เหิน,5,2386
พักผ่อน,5,2387
จอด,5,2388
แทะ,5,2389
ฮัม,5,2390
มีมนุษย์,5,2391
งี้,5,2392
คบไฟ,5,2393
เองบ้าง,5,2394
ณุปถ,5,2395
ความหวัง,5,2396
ความพยายาม,5,2397
ท้อถอย,5,2398
ไปหาอาหาร,5,2399
วางบ่วง,5,2400
ป่านนี้,5,2401
อุจจาระ,5,2402
ชำระล้าง,5,2403
ท่านมาก,5,2404
ก่อกวน,5,2405
แห่งกรุง,5,2406
แผล,5,2407
ลูกช้างอาชานัย,5,2408
ซัด,5,2409
คว้า,5,2410
สถาน,5,2411
ข้าราชบริพาร,5,2412
ช้างพลาย,5,2413
แห้งแล้ง,5,2414
มากินข้าวเปลือก,5,2415
พระราชาว่า,5,2416
ถือดี,5,2417
วิวาห์,5,2418
พิธี,5,2419
ดีใจจริงๆ,5,2420
ทานบารมี,5,2421
หวั่นไหว,5,2422
เป็นไปได้,5,2423
เสก,5,2424
ร่ำเรียน,5,2425
เวทย์,5,2426
อึดใจ,5,2427
น้ำอ้อย,5,2428
วชิราวุธ,5,2429
เหวี่ยง,5,2430
แม่ทัพ,5,2431
สูตร,5,2432
มาตุลี,5,2433
วิมานของ,5,2434
นางฟ้า,5,2435
ตริ,5,2436
แผ่,5,2437
ผ่า,5,2438
ติดตามพระ,5,2439
ยกย่อง,5,2440
เนื้อสมัน,5,2441
จากอาจารย์,5,2442
หม้าย,5,2443
เข้าสู่,5,2444
ทำตามที่,5,2445
ล่วงรู้,5,2446
กระไน,5,2447
ภาษา,5,2448
ระวังตัว,5,2449
ร้องขอ,5,2450
ล่วงเลย,5,2451
ความหยิ่งผยอง,5,2452
เน่า,5,2453
ถุล,5,2454
ก้าว,5,2455
กระแสน้ำ,5,2456
ระลึกถึง,5,2457
อนุโมทนา,5,2458
วันอุโบสถ,5,2459
ถวายตัว,5,2460
ไพร่ฟ้า,5,2461
เสมียน,5,2462
อุปสรรค,5,2463
ผิวพรรณ,5,2464
วางใจ,5,2465
ประทุษร้ายมิตร,5,2466
ปานนี้,5,2467
ของมนุษย์,5,2468
พูดถึง,5,2469
เข้าที่,5,2470
ทำความเคารพ,5,2471
อุปกังสะ,5,2472
พลเทพ,5,2473
ปุ่ม,5,2474
กรอง,5,2475
มีตัว,5,2476
บำรุง,5,2477
ประหลาด,5,2478
ปฏิปทา,5,2479
ว่ายน้ำ,5,2480
โอ๋,5,2481
แข็งแรง,5,2482
ประลอง,5,2483
ขยับ,5,2484
ไม่ได้เรื่อง,5,2485
มุสา,5,2486
กปิ,5,2487
ผิง,5,2488
แม่ยาย,5,2489
พูดคุยกัน,5,2490
ขยาย,5,2491
เสียงดี,5,2492
เครื่องนุ่งห่ม,5,2493
ผู้ใหญ่บ้าน,5,2494
ชฎา,5,2495
พระสงฆ์,5,2496
ยกโทษ,5,2497
ชนก,5,2498
กลับบ้าน,5,2499
เจ้าแม่,5,2500
ทำให้พระองค์,5,2501
ให้อภัย,5,2502
เถียง,5,2503
ตามเดิม,5,2504
คนโต,5,2505
ทำการค้า,5,2506
ผู้ชนะ,5,2507
เป็นธรรมดา,5,2508
พรหม,5,2509
พราก,5,2510
ตึง,5,2511
เงา,5,2512
ิตถิ,5,2513
เดช,5,2514
เวสาลี,5,2515
นอกศาสนา,5,2516
ซุ้ม,5,2517
อารักขา,5,2518
แน่วแน่,5,2519
คำสั่ง,5,2520
ใช้สอย,5,2521
คุยกัน,5,2522
ตระกล,5,2523
เพื่อนของ,5,2524
นายติตถ,5,2525
วานิ,5,2526
ค่าจ้าง,5,2527
จ่าย,5,2528
น้ำดื่ม,5,2529
วัตร,5,2530
เมื่อย,5,2531
กินน้ำทะเล,5,2532
น้ำทะเล,5,2533
แว่นแคว้น,5,2534
ธรรมเนียม,5,2535
โอสถ,5,2536
ความเร็ว,5,2537
โภชนะ,5,2538
อิ่มหนำ,5,2539
ลทั,5,2540
วาววับ,5,2541
ชะง่อน,5,2542
จำเลย,5,2543
ส่งข่าว,5,2544
ดาบสี,5,2545
เปลวไฟ,5,2546
เเล้,5,2547
สักครั้ง,5,2548
เท่,5,2549
บุก,5,2550
ธนญชัย,5,2551
อัคคี,5,2552
ลำต้น,5,2553
ไถนา,5,2554
ผู้บริสุทธิ์,5,2555
คุณความดี,5,2556
สาสน์,5,2557
กระบือ,5,2558
เสียชีวิต,5,2559
พยาธิ,5,2560
ตัน,5,2561
วิธุร,5,2562
สัญ,5,2563
สังขาร,5,2564
ตกไป,5,2565
ปายะ,5,2566
ทะลุ,5,2567
พระมหากษัตริย์,5,2568
ทักษะ,5,2569
ปล่อยวาง,5,2570
กระทานั้น,5,2571
ขวนขวาย,5,2572
พวง,5,2573
าบส,5,2574
ผลก,5,2575
นักขัต,5,2576
จันทน์,5,2577
พระพักตร์,5,2578
บรรยากาศ,5,2579
มัวหมอง,5,2580
คำขอ,5,2581
มาณพ,5,2582
อับปาง,4,2583
ตามพ,4,2584
อดใจ,4,2585
เมฆ,4,2586
เปลี่ยนเป็น,4,2587
กระเด็น,4,2588
รุกข,4,2589
เทวา,4,2590
เข้ามายัง,4,2591
ตัวใหม่,4,2592
มานั่ง,4,2593
เป็นเหตุให้,4,2594
ขนมจีบ,4,2595
ดวงใจ,4,2596
กลัดกลุ้ม,4,2597
มาบน,4,2598
นึกถึง,4,2599
อ๋อ,4,2600
นี้แหละ,4,2601
ถี่ถ้วน,4,2602
ทันที่,4,2603
อัญ,4,2604
พระภิกษุสงฆ์,4,2605
ครวญ,4,2606
ของการ,4,2607
ความเจ็บปวด,4,2608
หลังจากที่,4,2609
รีบเร่ง,4,2610
แบก,4,2611
คนอื่นๆ,4,2612
หอบ,4,2613
พูดคุยกับ,4,2614
ตรอมใจ,4,2615
มรรค,4,2616
เป็นที่หมายปอง,4,2617
โหนก,4,2618
แต่ละคน,4,2619
แถม,4,2620
หนาวสั่น,4,2621
ความลำบาก,4,2622
ตลอดคืน,4,2623
ปล่อยตัว,4,2624
การปฏิบัติธรรม,4,2625
พื้นดิน,4,2626
จัดการกับ,4,2627
มากนะ,4,2628
มาบอก,4,2629
แน่ใจ,4,2630
กระทำการอัน,4,2631
ฐาน,4,2632
เรื่องอย่างนี้,4,2633
ค้นหา,4,2634
ลานประหาร,4,2635
รู้เรื่อง,4,2636
จิตอธิษฐาน,4,2637
เทพเจ้า,4,2638
ทำการ,4,2639
เก็บเกี่ยว,4,2640
พื้นที่,4,2641
สมบูรณ์,4,2642
สร่าง,4,2643
ดูก่อนพราหมณ์,4,2644
พระราชโอรส,4,2645
หทัย,4,2646
ทวาร,4,2647
ชี้ทาง,4,2648
สุรุน,4,2649
ราชกุมารี,4,2650
ข้อผูกพัน,4,2651
ฉวี,4,2652
วรรณ,4,2653
เหมือนมนุษย์,4,2654
ชายแดนของ,4,2655
เมืองหลวง,4,2656
สัมผัส,4,2657
ขุ่นมัว,4,2658
หามา,4,2659
เสื่อมถอย,4,2660
ฝึกฝน,4,2661
เก่งกล้า,4,2662
โสดาปัตติผล,4,2663
มีเสียง,4,2664
ชั่วร้าย,4,2665
เรอะ,4,2666
ท่อนไม้,4,2667
ส่วนหนึ่ง,4,2668
เงียบๆ,4,2669
มีสมาธิ,4,2670
ยุงก็,4,2671
มาสา,4,2672
ตบยุง,4,2673
พละกำลัง,4,2674
แม่นาง,4,2675
ที่ผ่านมา,4,2676
แหลก,4,2677
เละ,4,2678
แมลงวัน,4,2679
เสียได้,4,2680
คติ,4,2681
เป็นที่รักใคร่,4,2682
ของมิต,4,2683
โลภ,4,2684
เทวบุตร,4,2685
เสด็จสวรรคต,4,2686
ผู้รู้,4,2687
คนเล็ก,4,2688
ฟาด,4,2689
ควาญ,4,2690
โรหิณี,4,2691
สัญญาณ,4,2692
น่าสงสาร,4,2693
แหวน,4,2694
แบ่งแยก,4,2695
ตะเกียกตะกาย,4,2696
สติปัญญา,4,2697
อย่างอื่น,4,2698
ว่าแต่,4,2699
ซ่อม,4,2700
แลกกับ,4,2701
อาย,4,2702
แอ่ง,4,2703
กาลกิณี,4,2704
ความเป็นอยู่,4,2705
ล้าง,4,2706
อาคันตุกะ,4,2707
ความริษยา,4,2708
ปายาส,4,2709
เกื้อกูล,4,2710
ชั้นใน,4,2711
พวงมาลัย,4,2712
พระอินทร์,4,2713
หมดอายุขัย,4,2714
นอบน้อม,4,2715
สงคราม,4,2716
ได้กลิ่น,4,2717
ลุย,4,2718
แหวะ,4,2719
เฉียบแหลม,4,2720
มัวแต่,4,2721
เพลิน,4,2722
หลานของ,4,2723
ดับไฟ,4,2724
ความเลื่อมใส,4,2725
เนื้อสัตว์,4,2726
ปากของ,4,2727
อยากรู้,4,2728
หนอนที่นี่,4,2729
หาว่า,4,2730
พระกรุณาธิคุณ,4,2731
กลางมหาสมุทร,4,2732
สักครู่,4,2733
ดีจริงๆ,4,2734
หมู่คณะ,4,2735
ทะเลทราย,4,2736
ทุกคนก็,4,2737
แหล่งน้ำ,4,2738
หาอาหาร,4,2739
ขาดแคลน,4,2740
แบ่งปัน,4,2741
ได้รับความเดือดร้อน,4,2742
แหลมคม,4,2743
เหนียว,4,2744
ย้อน,4,2745
ซี่,4,2746
ตามมา,4,2747
คณะสงฆ์,4,2748
หม่ำ,4,2749
คลุ้ง,4,2750
เรื่องราวทั้งหมด,4,2751
แถวนั้น,4,2752
ไปยืน,4,2753
นางมา,4,2754
ทรงอนุญาต,4,2755
ทิศตะวันออกเฉียงเหนือ,4,2756
แต่ไหนแต่ไร,4,2757
ท่านมา,4,2758
ทุ่ง,4,2759
กู้,4,2760
ขุมทรัพย์,4,2761
ข้าวตอกคลุกน้ำผึ้ง,4,2762
พระพุทธเจ้าค่ะ,4,2763
เบื้อง,4,2764
ถูกลม,4,2765
ขุนศึก,4,2766
ให้พระเจ้า,4,2767
ของเสียง,4,2768
เชื้อเชิญ,4,2769
ปกครองแผ่นดิน,4,2770
ตระ,4,2771
ทักทาย,4,2772
รุ่ง,4,2773
มาตรัส,4,2774
โมโห,4,2775
ไหว้พระโพธิสัตว์,4,2776
น่าดู,4,2777
หัตถาจารย์,4,2778
แสงสว่าง,4,2779
โลกมนุษย์,4,2780
เก่งกาจ,4,2781
สมาทานศีล,4,2782
ถุง,4,2783
มีมะม่วง,4,2784
คำตักเตือน,4,2785
ความหวังดี,4,2786
เศร้าสร้อย,4,2787
เลี้ยงลูกช้าง,4,2788
ช้างน้อย,4,2789
รุ่น,4,2790
หัวรั้น,4,2791
จองเวร,4,2792
เผลอหลับ,4,2793
เป็นแผล,4,2794
เหลว,4,2795
จริงใจ,4,2796
มัง,4,2797
พี่ใหญ่,4,2798
ตั้งแต่เช้า,4,2799
ทำงานหนัก,4,2800
ยุติธรรม,4,2801
การดูแล,4,2802
ประธาน,4,2803
กวางป่า,4,2804
คลอดลูก,4,2805
ตั้งมั่น,4,2806
แน่ะ,4,2807
ขัดขวาง,4,2808
พุ่งตรง,4,2809
หว่า,4,2810
ตะลึง,4,2811
กาละ,4,2812
ชุน,4,2813
ชวนกัน,4,2814
เชิงเขา,4,2815
กระบอกไม้ไผ่,4,2816
ฤดู,4,2817
ผลไม้ที่,4,2818
น่ากิน,4,2819
ร่าย,4,2820
เพชรนิลจินดา,4,2821
สายฝน,4,2822
ทึบ,4,2823
ลูบคลำ,4,2824
โอ่ง,4,2825
ได้เงิน,4,2826
จากการ,4,2827
วิทยาการ,4,2828
เจ้าชายก็,4,2829
โลม,4,2830
ช้างมงคล,4,2831
หลงผิด,4,2832
โบกขรณี,4,2833
จะเข้าไป,4,2834
เสื่อมเสีย,4,2835
ควบ,4,2836
ค่าย,4,2837
เฝ้าดู,4,2838
ท่านรู้,4,2839
กาลเวลา,4,2840
ถ้วนหน้า,4,2841
บริขาร,4,2842
เพียบ,4,2843
พาหนะ,4,2844
ขากลับ,4,2845
กถํ,4,2846
ุทฺ,4,2847
สดชื่น,4,2848
ขาดสติ,4,2849
โดยแท้,4,2850
ราบเรียบ,4,2851
บีบ,4,2852
พานาง,4,2853
ซ่อนตัว,4,2854
ใจอ่อน,4,2855
ลาสิกขา,4,2856
แต่งตัว,4,2857
น่าเชื่อ,4,2858
แข็งแกร่ง,4,2859
ลัง,4,2860
เป็นเจ้าของ,4,2861
ศักดิ์,4,2862
กอหญ้า,4,2863
คำนึงถึง,4,2864
พฤกษ์,4,2865
พสกนิกร,4,2866
แกะสลัก,4,2867
บ้านร้าง,4,2868
หง่าว,4,2869
ครอบ,4,2870
สะดวก,4,2871
อ่ะ,4,2872
หนา,4,2873
เย้ยหยัน,4,2874
ปรี่,4,2875
ขี้ขลาด,4,2876
ท้าทาย,4,2877
ยั่วยวน,4,2878
ปลอบใจ,4,2879
อจิร,4,2880
พายุหมุน,4,2881
อดตาย,4,2882
อาหารมื้อ,4,2883
ภูมิ,4,2884
ผิวกาย,4,2885
ฉัททันต์,4,2886
กาสาวพัสตร์,4,2887
ทำตัว,4,2888
ทางด้าน,4,2889
รัชทายาท,4,2890
ของก,4,2891
หวาย,4,2892
ยัน,4,2893
กิริยา,4,2894
ลองใจ,4,2895
ของบุตรี,4,2896
กลางคืน,4,2897
ตามใจ,4,2898
คู่สามีภรรยา,4,2899
คนหนุ่ม,4,2900
สบายดี,4,2901
ต่ำ,4,2902
มองดู,4,2903
เลี้ยงชีพ,4,2904
ปริพาชิกานี้,4,2905
ดำรงอยู่,4,2906
สุขภาพ,4,2907
รู้ทัน,4,2908
ความประพฤติ,4,2909
น้ำเมา,4,2910
รั้งท้าย,4,2911
เสียงดนตรี,4,2912
ถูกนาง,4,2913
เสพ,4,2914
หงุดหงิด,4,2915
ชาติหน้า,4,2916
ทั้งชาติ,4,2917
ประสูติ,4,2918
สำเร็จโทษ,4,2919
ปล้ำ,4,2920
โห่ร้อง,4,2921
ปรบมือ,4,2922
ฉีก,4,2923
มณฑป,4,2924
สามสิบ,4,2925
ล้มตาย,4,2926
หาเงิน,4,2927
นักเลงสุรา,4,2928
กล่อง,4,2929
ทยอย,4,2930
เดินทางมาถึง,4,2931
จุกบน,4,2932
ลามก,4,2933
มักมาก,4,2934
ร้ายแรง,4,2935
ทุเลา,4,2936
ไม้เรียว,4,2937
ปลาตะเพียน,4,2938
ยืม,4,2939
มั่นใจ,4,2940
เสียดาย,4,2941
ให้กำลังใจ,4,2942
ลวง,4,2943
หูตึง,4,2944
คนงาน,4,2945
แปลกใจ,4,2946
วันเดียวกัน,4,2947
ปัจจันตคาม,4,2948
ทองคำของ,4,2949
ไม่เช่นนั้น,4,2950
งาช้าง,4,2951
เหตุร้าย,4,2952
ระงับ,4,2953
กราบไหว้,4,2954
อาบ,4,2955
ใส่ใจ,4,2956
ทั่วไป,4,2957
สักวัน,4,2958
ต้อน,4,2959
โดยตลอด,4,2960
ทำกรรม,4,2961
เนื้อหมู,4,2962
เปลี่ยนไป,4,2963
ปีนขึ้นไป,4,2964
พร่ำเพ้อ,4,2965
สรุป,4,2966
รบกวน,4,2967
เจอกัน,4,2968
ไม่มีที่ติ,4,2969
ราษฎร,4,2970
อุทานออกมา,4,2971
สามตัว,4,2972
มาดื่ม,4,2973
จดจำ,4,2974
ให้การ,4,2975
ม้าเร็ว,4,2976
อนุเคราะห์,4,2977
มารักษา,4,2978
มาบ้าง,4,2979
อาการดีขึ้น,4,2980
ภาวะ,4,2981
ร่มรื่น,4,2982
มุ่งหน้า,4,2983
คุก,4,2984
เป็นไปตาม,4,2985
ภัตตาหารที่,4,2986
คุณภาพ,4,2987
เรื่องราว,4,2988
น่าเสียดาย,4,2989
ส่วนกุศล,4,2990
เทพยดา,4,2991
แต่เพียงผู้เดียว,4,2992
ถุงเงิน,4,2993
ตกน้ำ,4,2994
ชาวประมง,4,2995
พูดมาก,4,2996
โหร,4,2997
ฉันนั้น,4,2998
หยุดอยู่,4,2999
บังเอิญ,4,3000
สภาพ,4,3001
ฝีเท้า,4,3002
ฉับ,4,3003
น้ำนม,4,3004
โรมรัน,4,3005
สวนคน,4,3006
เจ้าพ่อค้า,4,3007
เสน่ห์,4,3008
มายืน,4,3009
อุปริจร,4,3010
ที่สาม,4,3011
สาวแก่,4,3012
ออกรบ,4,3013
เนื้อที่,4,3014
มีอายุ,4,3015
ชึบ,4,3016
ขึ้นชื่อว่าการ,4,3017
สิว่า,4,3018
อาบยาพิษ,4,3019
กรู,4,3020
มาส่ง,4,3021
ข้ามฟาก,4,3022
ฆาตกร,4,3023
นครสาวัตถี,4,3024
สาหร่าย,4,3025
สิ้นเปลือง,4,3026
น้ำทะเลก็,4,3027
เห็นแก่ตัว,4,3028
ท่านที่,4,3029
ผ่องใส,4,3030
จากน้ำ,4,3031
หวาดเสียว,4,3032
นอนหลับ,4,3033
ภาษิต,4,3034
โดยย่อ,4,3035
หฤทัย,4,3036
ศอก,4,3037
จอม,4,3038
สรีระ,4,3039
ัพย,4,3040
ลูกข่าง,4,3041
ครองเรือน,4,3042
แบบนั้น,4,3043
โลภมาก,4,3044
สุขสบาย,4,3045
ถอนขน,4,3046
ที่นา,4,3047
เหยี่ยวนัก,4,3048
มรณ,4,3049
อัมพะ,4,3050
มาก่อน,4,3051
ตนเองก็,4,3052
ขณะที่นาง,4,3053
ได้ส่วนแบ่ง,4,3054
เหมือนอะไร,4,3055
ช้างมา,4,3056
เหมาะกับ,4,3057
หุงต้ม,4,3058
สารพัด,4,3059
สุริย,4,3060
พ่ะ,4,3061
กระทบ,4,3062
นอกรีต,4,3063
ถ่ายอุจจาระ,4,3064
กล่าวตอบ,4,3065
ขื่อ,4,3066
๑๒๐,4,3067
ที่ตั้งอยู่,4,3068
เอาใจใส่,4,3069
พระราชามี,4,3070
พ่ะย่ะค่ะ,4,3071
ต้องการสิ่งใด,4,3072
เรียว,4,3073
ฝั่งแม่น้ำ,4,3074
เขียวขจี,4,3075
ติดอยู่,4,3076
ทิฏฐิ,4,3077
ม้าต้น,4,3078
รับเอา,4,3079
เต่ง,4,3080
ชอบใจ,4,3081
เอ่ยถึง,4,3082
การศึกษา,4,3083
โคเนื้อ,4,3084
ล้อเล่น,4,3085
หน้าผาก,4,3086
ระดับ,4,3087
ครั่นคร้าม,4,3088
โสมทัต,4,3089
อรินทมะ,4,3090
บทเพลง,4,3091
สละราชสมบัติ,4,3092
ธุดงค์,4,3093
กลับมาหา,4,3094
มุงดู,4,3095
คงคา,4,3096
ของเหลือ,4,3097
กุมารทั้ง,4,3098
ใหญ่หลวง,4,3099
คนบ้า,4,3100
ตื่นข่าว,4,3101
เอาเรื่อง,4,3102
เนื้อทราย,4,3103
ชายผ้า,4,3104
แกงจืด,4,3105
อุทายี,4,3106
ตอบด้วย,4,3107
ขว้าง,4,3108
พ่อผัว,4,3109
สะดุ้ง,4,3110
ดังนั้นแล้ว,4,3111
ลัก,4,3112
ออกบิณฑบาต,4,3113
แล้วอย่า,4,3114
กลัก,4,3115
จำได้,4,3116
การให้ทาน,4,3117
สุจริต,4,3118
ธรรมดาว่า,4,3119
ประกอบด้วย,4,3120
รับคำ,4,3121
ท่านอภิ,4,3122
ความเมา,4,3123
สับ,4,3124
ผิดปกติ,4,3125
บางกลุ่ม,4,3126
น้ำตาลกรวด,4,3127
เรณุ,4,3128
ท่านมหารักขิต,4,3129
ผู้คนที่,4,3130
เหงื่อไคล,4,3131
ยุแหย่,4,3132
มาริ,4,3133
ทานพนั้น,4,3134
พหุ,4,3135
อัป,4,3136
เผือก,4,3137
จิตตกุมาร,4,3138
ขึ้นอยู่กับ,4,3139
ลงอาชญา,4,3140
พระเจ้าแผ่นดินพระองค์,4,3141
ทาสมุข,4,3142
อัฏฐ,4,3143
จากคำพูด,4,3144
ชู้,4,3145
กลาปุ,4,3146
พระยากา,4,3147
ซื่อสัตย์,4,3148
ความทะนง,4,3149
ปัณณิ,3,3150
หัวหน้านาย,3,3151
ดินแดนมนุษย์,3,3152
ส่งเสียงดัง,3,3153
ตอนเช้า,3,3154
หนุ่มน้อย,3,3155
วัยรุ่น,3,3156
ข้อดี,3,3157
ที่มารุม,3,3158
รูปลักษณ์,3,3159
ครั้งแรก,3,3160
อกหัก,3,3161
กัลยาณมิตร,3,3162
ข้อเท้า,3,3163
ครำ,3,3164
ลึกซึ้ง,3,3165
มีนกยูง,3,3166
ทิวเขา,3,3167
เขมา,3,3168
ลูกนายพราน,3,3169
บ่วงบาศก์,3,3170
เป็นอิสระ,3,3171
ปลดปล่อย,3,3172
ถูกใจ,3,3173
ของบุรุษ,3,3174
มากับ,3,3175
น้ำข้าว,3,3176
ยังมีชีวิตอยู่,3,3177
คัมภีร์,3,3178
ให้พระอุปัชฌาย์,3,3179
อริยมรรค,3,3180
อรหันต์,3,3181
ปลื้ม,3,3182
กระทำการ,3,3183
ผู้รับ,3,3184
บัญชา,3,3185
เอาโทษ,3,3186
มณิ,3,3187
ราชกิจ,3,3188
ปฏิสันถารกับ,3,3189
ออกรวง,3,3190
บัญฑิต,3,3191
สมุฏฐาน,3,3192
ความยินดี,3,3193
การทำศึก,3,3194
วิทยา,3,3195
ชำนาญ,3,3196
ฟัก,3,3197
มหาศาล,3,3198
ขอบพระคุณ,3,3199
แมลงวันหัวเขียว,3,3200
จักรกรด,3,3201
วิมานที่,3,3202
ตัวดี,3,3203
เกิดเหตุ,3,3204
เครื่องเซ่น,3,3205
ต่ำต้อย,3,3206
รงค์,3,3207
กุมารน้อย,3,3208
พ่อหนู,3,3209
ธิติ,3,3210
ทักขิณา,3,3211
พ่อเจ้า,3,3212
ทาสก็,3,3213
ความสามัคคี,3,3214
เป็นตัวการ,3,3215
สายสืบ,3,3216
เฉือน,3,3217
หนอนกิน,3,3218
แก่น,3,3219
เย้ย,3,3220
ผ้าทิพย์,3,3221
ดรุณี,3,3222
ผ้านุ่งห่ม,3,3223
ท้อแท้,3,3224
พายุฝน,3,3225
ดักจับ,3,3226
สิคาล,3,3227
ผ้าสไบเฉียง,3,3228
สุกรนั้น,3,3229
ดอน,3,3230
ป่างิ้ว,3,3231
รวงข้าวสาลี,3,3232
ผู้ดูแล,3,3233
คาบเอา,3,3234
มีนก,3,3235
กินข้าวสาลี,3,3236
ร่วงหล่น,3,3237
แผนการ,3,3238
ก้ามปู,3,3239
แล้วอำมาตย์,3,3240
ชิชะ,3,3241
เรือนของอำมาตย์,3,3242
ยั่ว,3,3243
องคชาต,3,3244
ณฑัญญ,3,3245
โจมตี,3,3246
จิตตราชกุมาร,3,3247
ฉ้อฉล,3,3248
คดโกง,3,3249
ตัดสินคดีความ,3,3250
ตัดสินคดี,3,3251
คนจร,3,3252
จงกลม,3,3253
สอนยาก,3,3254
ความหิว,3,3255
อาละวาด,3,3256
อาฆาต,3,3257
ขอบรรพชา,3,3258
แก่ๆ,3,3259
กากชาดกมาสา,3,3260
เก้า,3,3261
ประมาณตน,3,3262
ชาวนาก็,3,3263
เข้มงวด,3,3264
โพธิญาณ,3,3265
หนาวที่สุด,3,3266
พูดตาม,3,3267
ไผ่,3,3268
มีผลไม้,3,3269
ชื่อเสียง,3,3270
น้ำใจ,3,3271
เส้นทางลัด,3,3272
ศาสตราวุธ,3,3273
เสียงร้องของ,3,3274
ต้อยตีวิด,3,3275
นำทาง,3,3276
ช้างมารดา,3,3277
ช้างงาม,3,3278
สิงโตมา,3,3279
โรงม้า,3,3280
นายทหารม้า,3,3281
แล้วนั้น,3,3282
ร่ำ,3,3283
ลือ,3,3284
ยตฺถ,3,3285
นายจ้าง,3,3286
โคก็,3,3287
เลอโฉม,3,3288
พระตำหนัก,3,3289
นายอุทยาน,3,3290
ถึงขั้น,3,3291
หลายครั้ง,3,3292
หมาป่า,3,3293
พรรณนาความงาม,3,3294
ปราชัย,3,3295
เครื่องเซ่นไหว้,3,3296
เกเรตัว,3,3297
่ๆๆ,3,3298
เฟ้ย,3,3299
แก้วผลึก,3,3300
ต่อมิตร,3,3301
บอกความลับ,3,3302
สมุน,3,3303
ในที่ลับ,3,3304
ลำพอง,3,3305
เล้าโลม,3,3306
ฝีพาย,3,3307
เป็นที่ตั้ง,3,3308
พายกระดาน,3,3309
ความหิวโหย,3,3310
ประทังชีวิต,3,3311
เผือกหัวมัน,3,3312
เทหราช,3,3313
มาสกนั้น,3,3314
ถือตัว,3,3315
ทางโน้น,3,3316
กามคุณ,3,3317
ปวดท้อง,3,3318
แม่คุณ,3,3319
ท่องมนต์,3,3320
คนใด,3,3321
คุณสมบัติ,3,3322
ส่งตัว,3,3323
ไปเที่ยวงาน,3,3324
ชัน,3,3325
รางน้ำ,3,3326
มากินน้ำ,3,3327
ผีเสื้อ,3,3328
เสาะหา,3,3329
ตามนก,3,3330
ตระกูลนี้,3,3331
ปาลกุมารมา,3,3332
เป็นเรื่องจริง,3,3333
ที่ต่ำกว่า,3,3334
ในที่ต่ำกว่า,3,3335
เฉลียวฉลาด,3,3336
สะสม,3,3337
บ้านเกิด,3,3338
ตกเป็น,3,3339
ที่นอน,3,3340
แปรปรวน,3,3341
ขบคิด,3,3342
โมก,3,3343
อ่าน,3,3344
เปลือยกาย,3,3345
การชน,3,3346
ชาวบ้านพวก,3,3347
ก้มตัว,3,3348
ปาก็,3,3349
ทวาราวดี,3,3350
เลื่อนลอย,3,3351
นครก็,3,3352
โต้เถียง,3,3353
เก็บกวาด,3,3354
ขี้เหล้า,3,3355
กลวง,3,3356
ทิศใต้,3,3357
ละเมิด,3,3358
ท้ายแถว,3,3359
ลดลง,3,3360
นำหน้า,3,3361
หยาบช้า,3,3362
ประพฤติผิดประเวณี,3,3363
ทำการงาน,3,3364
เนยใส,3,3365
ยอมดื่ม,3,3366
ขี้โม้,3,3367
๑๐๐๐,3,3368
เตาผิง,3,3369
การงาน,3,3370
ถนัด,3,3371
ฟูมฟาย,3,3372
ท่านออกบวช,3,3373
ลวด,3,3374
ทางการ,3,3375
บ้านเรือน,3,3376
น่าสงสัย,3,3377
งามา,3,3378
น้ำไว้,3,3379
ธรรมวินัย,3,3380
รู้ตัว,3,3381
พูดเท็จ,3,3382
หัตถ์,3,3383
เรื่องมาก,3,3384
เรือด,3,3385
จากบ้าน,3,3386
หมู่ชน,3,3387
กลับกัน,3,3388
เกิดขึ้นกับ,3,3389
เหลืองอย่าง,3,3390
ท่านองครักษ์,3,3391
พญานาคราช,3,3392
พระที่นั่ง,3,3393
สรรพรุต,3,3394
ทุ่มเถียง,3,3395
ยมุนา,3,3396
เกล็ด,3,3397
เป็นความสุข,3,3398
ของบิดา,3,3399
คืนสติ,3,3400
วิสาขา,3,3401
มึน,3,3402
จากหมอ,3,3403
แสดงตน,3,3404
จำศีล,3,3405
ข้ามี,3,3406
เจริญสมณธรรม,3,3407
โซ่ตรวน,3,3408
ตะกละ,3,3409
ลูกค้า,3,3410
แพง,3,3411
ขายของ,3,3412
เข้ามาดู,3,3413
ส่วนบุญ,3,3414
ให้ท่านอยู่,3,3415
ดุเหว่านั้น,3,3416
หัวบันได,3,3417
แต็ก,3,3418
หยด,3,3419
ขนาดเล็ก,3,3420
หมณ์,3,3421
ฉันทาคติ,3,3422
รอยยิ้ม,3,3423
เปือกตม,3,3424
แลกเปลี่ยน,3,3425
สาส์น,3,3426
กรับ,3,3427
ลูกผู้ชาย,3,3428
อุ้ม,3,3429
คิว,3,3430
จนมุม,3,3431
ต่อว่า,3,3432
ชุบ,3,3433
ญาติโยม,3,3434
อาวาริ,3,3435
วัตรปฏิบัติ,3,3436
ผลาผล,3,3437
ยุค,3,3438
ตามกำลัง,3,3439
ยวง,3,3440
ท้องทะเล,3,3441
น้ำทะเลนี้,3,3442
นิดเดียว,3,3443
ชาวเมืองอา,3,3444
ฝั่งแม่น้ำคงคา,3,3445
มณิกัณฐะ,3,3446
แล้วนั่ง,3,3447
ของดาบสผู้,3,3448
สะพรั่ง,3,3449
อาศรมบท,3,3450
ร้องขอดวงแก้ว,3,3451
ต่อจากนั้น,3,3452
นัย,3,3453
ดาบสก็,3,3454
ความสัตย์,3,3455
หละ,3,3456
อุตส่าห์,3,3457
ตาของ,3,3458
โรงฆ่าสัตว์,3,3459
มูลไถ่,3,3460
นาคอัมพ,3,3461
เมล็ดข้าวเปลือก,3,3462
เลื่อนเปื้อน,3,3463
เหมือนงอนไถ,3,3464
งวงช้าง,3,3465
อาหารอัน,3,3466
ที่หก,3,3467
ตระหนี่,3,3468
ความตระหนี่,3,3469
พ่าย,3,3470
ฉัตต,3,3471
เครื่องแก้ว,3,3472
นอนบน,3,3473
หลังคา,3,3474
แผ่นดินกำลังจะ,3,3475
ดูท่า,3,3476
หน้าผา,3,3477
ตายกัน,3,3478
เข้ามาหา,3,3479
นักเดินทาง,3,3480
สุดที่รัก,3,3481
ว่าที่,3,3482
กาดื่มได้,3,3483
ตะกร้า,3,3484
ลูบ,3,3485
กระหม่อมนั้น,3,3486
ดวงแก้ว,3,3487
ของมหาชน,3,3488
หยาบกร้าน,3,3489
รุก,3,3490
เสียดสี,3,3491
พวกผม,3,3492
อับอาย,3,3493
มาดู,3,3494
ปั๊ก,3,3495
แต่กระนั้น,3,3496
ผ่านกำแพง,3,3497
ท่านพัก,3,3498
ถากถาง,3,3499
ของอย่างนี้,3,3500
ัณฑุ,3,3501
แคล้ว,3,3502
ท่านพาราณสี,3,3503
มีผล,3,3504
ตอไม้,3,3505
เครื่องแต่งตัว,3,3506
เครื่องบูชา,3,3507
มาด้วยกัน,3,3508
ขับร้องเพลง,3,3509
กำพร้า,3,3510
ความเจริญ,3,3511
ขั้นสูงสุด,3,3512
ศิษย์เอก,3,3513
หมายความว่า,3,3514
มีนักบวช,3,3515
ฟังเทศน์,3,3516
ประทานอะไร,3,3517
เทวีนี้,3,3518
ผู้ปกครอง,3,3519
เหมือนคนบ้า,3,3520
เหมือนคน,3,3521
ทาสตวง,3,3522
ถูกกระแสน้ำ,3,3523
กบิลพัสดุ์,3,3524
ชิงช้า,3,3525
สนิทสนมกับ,3,3526
ฉลอง,3,3527
กรรมที่,3,3528
วานรนี้,3,3529
ปางก่อน,3,3530
สัสต,3,3531
อัตตา,3,3532
หน้าที่,3,3533
ปันส่วน,3,3534
เที่ยงธรรม,3,3535
ข้าวสารทนาน,3,3536
สวม,3,3537
จักรพราก,3,3538
อุเทน,3,3539
ประทังชีวิตอยู่,3,3540
กลับคืน,3,3541
เทียมเกวียน,3,3542
รตะ,3,3543
ซ่องเสพ,3,3544
เนื้อใน,3,3545
อัญชัน,3,3546
กวาด,3,3547
ที่มากิน,3,3548
โยน,3,3549
อบาย,3,3550
คนชรา,3,3551
สั่งสอนพระเจ้า,3,3552
ตลับ,3,3553
เคียว,3,3554
ฟ่อน,3,3555
ความเสื่อม,3,3556
ล้อรถ,3,3557
ปารกะ,3,3558
มาทันตีนั้น,3,3559
ผูกพัน,3,3560
ดูก่อนอภิ,3,3561
ให้น้ำ,3,3562
ง่วง,3,3563
เปลวเพลิง,3,3564
เพณี,3,3565
หญิงนครโสเภณี,3,3566
มือเปล่า,3,3567
เพลี้ย,3,3568
กฎุมพี,3,3569
ลูบไล้,3,3570
รู้คุณ,3,3571
วิชาดีดกรวด,3,3572
พระราชประสงค์,3,3573
ราชโองการ,3,3574
นักปราชญ์,3,3575
ล้มเหลว,3,3576
ความคุ้นเคย,3,3577
ขี้เล่น,3,3578
ชื่อว่าวายุบุตร,3,3579
ผลัด,3,3580
กุฎี,3,3581
ปาทะ,3,3582
พระนางอสิตา,3,3583
ปรินิพพาน,3,3584
เสาตะลุง,3,3585
ราชบุตร,3,3586
อีกองค์,3,3587
แมลงเม่า,3,3588
ไม้ค้อน,3,3589
รุงรัง,3,3590
เมตตากรุณา,3,3591
เจ้าชายอา,3,3592
สรรพสิ่ง,3,3593
ว่างเปล่า,3,3594
ดมกลิ่น,3,3595
เทวิ,3,3596
ท่านอัฏฐ,3,3597
เรียกหา,3,3598
พ้นทุกข์,3,3599
อาชีวก,3,3600
ลางร้าย,3,3601
ที่วัด,3,3602
ผลร้าย,3,3603
กินนร,3,3604
ทำให้พระพุทธเจ้า,3,3605
อวัยวะ,3,3606
ของอาตมา,3,3607
การร้องไห้,3,3608
เยี่ยว,3,3609
เสียงกลอง,3,3610
คันนา,3,3611
หลวงพ่อ,3,3612
รับเงิน,3,3613
สัพ,3,3614
ทาฐะ,3,3615
ควัก,3,3616
เวลานี้,2,3617
ัตถุ,2,3618
ตายใจ,2,3619
เหล่านาง,2,3620
วาณิช,2,3621
รอกิน,2,3622
หัวหน้านาง,2,3623
ระบำ,2,3624
เฉลียวใจ,2,3625
ตั้งสัตย์ปฏิญาณ,2,3626
สั่งสม,2,3627
หายนะ,2,3628
การทำ,2,3629
มาลัย,2,3630
ระลึกชาติ,2,3631
กาลนี้,2,3632
เปล่งเสียงหัวเราะ,2,3633
พิศวง,2,3634
สิ้นสุด,2,3635
จากความตาย,2,3636
ชะเง้อ,2,3637
คอกิน,2,3638
ด้านหลัง,2,3639
คมกริบ,2,3640
ฟ้าผ่า,2,3641
เชือน,2,3642
ท่อง,2,3643
ทั้งคืน,2,3644
กล่าวโทษ,2,3645
ทุกคืน,2,3646
อุท,2,3647
ิจจ,2,3648
ผู้มีชื่อเสียง,2,3649
ลูกไก่,2,3650
มาศึกษา,2,3651
บางคราวก็,2,3652
เที่ยง,2,3653
เสียการเรียน,2,3654
หนุ่มใหญ่,2,3655
กลุ้มใจจริง,2,3656
มุ่งมั่น,2,3657
แตกเนื้อหนุ่ม,2,3658
กินใจ,2,3659
ครองเรือนกัน,2,3660
กำชับ,2,3661
ได้มานั่ง,2,3662
เรือนกัน,2,3663
อบรม,2,3664
กราบกราน,2,3665
หากกระผม,2,3666
การมี,2,3667
ปริศนาธรรม,2,3668
กระจ่าง,2,3669
พึงใจ,2,3670
อีกครั้งหนึ่ง,2,3671
ประเภท,2,3672
นึกย้อน,2,3673
ตกลงปลงใจ,2,3674
คู่หมั้น,2,3675
ห่างไกล,2,3676
เนอะ,2,3677
พี่สาว,2,3678
เรื่อยมา,2,3679
ประพฤติชอบ,2,3680
ออกเรือน,2,3681
รูปสมบัติ,2,3682
หมอบ,2,3683
ธรรมดาบุตร,2,3684
เรื่องราวที่เกิดขึ้น,2,3685
รู้อยู่,2,3686
ติดต่อกัน,2,3687
ไม่ขาดสาย,2,3688
ดูแลบุตร,2,3689
อาจะ,2,3690
ชาวสาวัตถี,2,3691
ความตั้งใจ,2,3692
การบำเพ็ญ,2,3693
พระอุปัชฌาย์,2,3694
เพื่อนภิกษุ,2,3695
ทำความเพียร,2,3696
ได้รับคำชม,2,3697
หอบเอา,2,3698
ปีนขึ้นต้น,2,3699
ขี้เกียจ,2,3700
เรียนเชิญ,2,3701
แต่เช้าตรู่,2,3702
ที่มานพ,2,3703
ดวงอาทิตย์,2,3704
ขั้นตอน,2,3705
สุคต,2,3706
แสดงท่าทาง,2,3707
กรุงมิถิลา,2,3708
ศิลปศาสตร์,2,3709
ทุกชนิด,2,3710
มันวาว,2,3711
เหมือนทั้ง,2,3712
ถูกมนุษย์,2,3713
เทียมม้า,2,3714
สิน,2,3715
ยึดเหนี่ยว,2,3716
นับวัน,2,3717
วุ่นวาย,2,3718
ไกลออก,2,3719
นกยูงมี,2,3720
ที่สี่,2,3721
มณฑล,2,3722
ตอนเย็น,2,3723
ตามล่า,2,3724
จารึก,2,3725
ได้เสียชีวิต,2,3726
เคยติดกับดัก,2,3727
เจริญพระ,2,3728
ดีดนิ้วมือ,2,3729
เล็ง,2,3730
จองจำไว้,2,3731
รูปโฉมงดงาม,2,3732
ชายมากมายมาสู่ขอ,2,3733
มากมายมาสู่ขอบุตรสาว,2,3734
นูนกว่า,2,3735
โหนกนูน,2,3736
นัดแนะ,2,3737
กลางดึก,2,3738
เป็นบุญ,2,3739
ตกใจมาก,2,3740
เต็มตัว,2,3741
มาสู่ขอ,2,3742
หนาวเหน็บ,2,3743
พออิ่ม,2,3744
ช้างสาร,2,3745
ของกลาง,2,3746
มอบทรัพย์,2,3747
ติดสินบน,2,3748
ปล่อยไป,2,3749
สามาก็,2,3750
อภิรมย์,2,3751
ชายอื่น,2,3752
วันข้างหน้า,2,3753
สวนอุทยาน,2,3754
ทำที,2,3755
คร่ำครวญถึง,2,3756
สาวนัก,2,3757
สามายังมีชีวิตอยู่,2,3758
สิทธัตถะ,2,3759
เวไนย,2,3760
อย่างมากมาย,2,3761
หลายศาสนา,2,3762
ไม่เอาไหน,2,3763
แพร่หลาย,2,3764
ทำนา,2,3765
อดออม,2,3766
ของแข็ง,2,3767
แพร่งพราย,2,3768
ทำคุณประโยชน์,2,3769
กลั้น,2,3770
อดีตกาลก็,2,3771
ความสัมพันธ์กัน,2,3772
เคือง,2,3773
ติดตามพฤติกรรม,2,3774
สาสม,2,3775
พระเกียรติ,2,3776
เกียรติ,2,3777
คุณงามความดี,2,3778
ผู้ลักลอบ,2,3779
ลบหลู่,2,3780
ว่าวันนี้,2,3781
พยาม,2,3782
ยอดเยี่ยม,2,3783
ฆ้อง,2,3784
มิดชิด,2,3785
ประตูผี,2,3786
ยับยั้ง,2,3787
แผ้วถาง,2,3788
หักร้าง,2,3789
หว่านข้าวของ,2,3790
ข้าวกล้านี้,2,3791
อัจจิ,2,3792
ถูกความเสียใจ,2,3793
นิทานมา,2,3794
ทรงมอบราชสมบัติ,2,3795
ข้าราชการ,2,3796
พระราชโอรสองค์,2,3797
ความอยาก,2,3798
พาล,2,3799
การรบ,2,3800
ชักช้า,2,3801
แพทย์,2,3802
เสบียง,2,3803
ประทานทรัพย์,2,3804
งามนาง,2,3805
เจอหญิง,2,3806
ทรงอภิเษก,2,3807
ขนาน,2,3808
ราชกุมารนั้น,2,3809
พัวพัน,2,3810
ทำการอภิเษก,2,3811
ชมพูนุช,2,3812
ไซร้,2,3813
ราชมารดา,2,3814
งามดัง,2,3815
แห่,2,3816
อันเต็มไปด้วย,2,3817
หายวับ,2,3818
โลหะ,2,3819
ประมูล,2,3820
ปรโลก,2,3821
ฤาษินี,2,3822
รายงาน,2,3823
เรื่องการก่อ,2,3824
จากชายแดน,2,3825
ตั้งค่าย,2,3826
ผู้สอน,2,3827
การกบฏ,2,3828
ของม้า,2,3829
ซึมเศร้า,2,3830
ผู้ปฏิบัติ,2,3831
รวมกลุ่ม,2,3832
ดูก่อนมานพ,2,3833
เจนจบ,2,3834
มีชื่อเสียง,2,3835
กุมารกษัตริย์,2,3836
โสด,2,3837
ขลัง,2,3838
รติ,2,3839
ก่อให้เกิด,2,3840
แก่กล้า,2,3841
สารทิศ,2,3842
ชาวกษัตริย์,2,3843
รับหน้าที่,2,3844
ชั้นสูง,2,3845
ปิตุฆาต,2,3846
เบรก,2,3847
กระจาย,2,3848
โรม,2,3849
ที่นั่น,2,3850
อย่างเคย,2,3851
พเนจร,2,3852
แก่นั่น,2,3853
ผู้มาใหม่,2,3854
การมา,2,3855
ล่อนก,2,3856
เปิดโปง,2,3857
การล่าสัตว์,2,3858
เมืองมคธ,2,3859
แต่เช้า,2,3860
ตบยุงกัน,2,3861
โดนยุงกัด,2,3862
ใจบาป,2,3863
ได้รับบาดเจ็บ,2,3864
ที่นายพราน,2,3865
มีลูกมือ,2,3866
ลูกมือ,2,3867
ล้านของ,2,3868
เฝ้ามองดู,2,3869
ออกหากิน,2,3870
ถึงขนาด,2,3871
สืบ,2,3872
อนุสนธิ,2,3873
ดินแดน,2,3874
สถาปนา,2,3875
เรื่องอัน,2,3876
กิก,2,3877
แปด,2,3878
ฟองไข่,2,3879
ประคบ,2,3880
ไต่,2,3881
ตอม,2,3882
ไม่ต้องกลัว,2,3883
ช้างมาก,2,3884
คร่อม,2,3885
จากบริวาร,2,3886
ช้างอีก,2,3887
ช้างอย่าง,2,3888
ทีนี้,2,3889
บดขยี้,2,3890
สะใจ,2,3891
หยอด,2,3892
ตามัน,2,3893
เสมือนหนึ่ง,2,3894
บอด,2,3895
จ่อย,2,3896
กระทำเวร,2,3897
ปสฺส,2,3898
มากำหนัด,2,3899
ห้วงทุกข์,2,3900
บาปกรรม,2,3901
กรรมก็,2,3902
ออกเรือ,2,3903
ปลิว,2,3904
เปรตนางฟ้า,2,3905
มีชีวิต,2,3906
เสมือน,2,3907
มีนางฟ้า,2,3908
ชดใช้กรรมรออยู่,2,3909
จบสิ้น,2,3910
ความอยากได้,2,3911
ใครก็ได้,2,3912
สำอาง,2,3913
ท่านกลับ,2,3914
ชาติปางก่อน,2,3915
โอ้ว,2,3916
ขอบวช,2,3917
เพื่อนพระภิกษุ,2,3918
สุภาพ,2,3919
ซ้าย,2,3920
ขวา,2,3921
เข่ง,2,3922
น่วม,2,3923
มีวินัย,2,3924
ทางอัน,2,3925
ญาติมิตร,2,3926
กล้ำ,2,3927
เกาะเกี่ยว,2,3928
มหานคร,2,3929
พระบรมมหาราชวัง,2,3930
ราชวงศ์,2,3931
ราชสกุล,2,3932
ดีน่ะ,2,3933
โกศลก็,2,3934
โอรสน้อย,2,3935
รุ่งอรุณ,2,3936
โอรสก็,2,3937
ล้า,2,3938
น่าฟัง,2,3939
เผย,2,3940
มีนิมิต,2,3941
โกเมน,2,3942
ทารก,2,3943
ประนม,2,3944
แผ่นดินมคธ,2,3945
ทับ,2,3946
เหลือบ,2,3947
โขดหิน,2,3948
คิดออก,2,3949
แล้วก็ได้,2,3950
ข้ามกลับ,2,3951
กระโดดลงมา,2,3952
งับ,2,3953
จาคะ,2,3954
บุคคลนั้น,2,3955
ตามต้องการ,2,3956
แลก,2,3957
แลกมา,2,3958
แต่งมา,2,3959
กาลก่อนก็,2,3960
แออัด,2,3961
นกยางก็,2,3962
กระดอง,2,3963
ท่านคาบ,2,3964
ลื่น,2,3965
ก้าม,2,3966
หายใจไม่ออก,2,3967
ภัยพิบัติ,2,3968
มีครรภ์,2,3969
ชาวบ้านทั้งหลาย,2,3970
สาด,2,3971
เจ้าอาวาสก็,2,3972
เจ้าอาวาส,2,3973
ตีระฆัง,2,3974
ทะเลาะวิวาทกับ,2,3975
ระเหเร่ร่อน,2,3976
เรือก็,2,3977
ลอยแพ,2,3978
กระทำตามที่,2,3979
เหมือนมิต,2,3980
ลำบากอยู่,2,3981
ราชฐาน,2,3982
เขตระ,2,3983
ภักดี,2,3984
พระนางก็,2,3985
นรี,2,3986
สมุนไพร,2,3987
อยู่กินกัน,2,3988
พงไพร,2,3989
เจ้าขา,2,3990
อมรินทร์,2,3991
เผยแผ่,2,3992
เต็มทน,2,3993
กลับมาสู่,2,3994
เหมือนที่,2,3995
หีบ,2,3996
ทุนค้าขาย,2,3997
ดูแลนาย,2,3998
หมู่บ้านที่,2,3999
นิคมที่,2,4000
ข่มขู่,2,4001
แสงจันทร์,2,4002
นวล,2,4003
มีต่อ,2,4004
มุทุ,2,4005
พร้อมเพรียงกัน,2,4006
บัญชร,2,4007
มิสามารถ,2,4008
อาจรวบรวม,2,4009
ทำความสะอาด,2,4010
ชุ่ม,2,4011
เล็ดลอด,2,4012
สุนัขจรจัด,2,4013
บุญบารมี,2,4014
อ๊วก,2,4015
วชฺฌา,2,4016
ยามที่,2,4017
หยุดกิน,2,4018
พุงกาง,2,4019
หมู่บ้านร้าง,2,4020
เป็ด,2,4021
อย่างงั้น,2,4022
เอาอย่างนี้,2,4023
อย่างอะ,2,4024
รอคอยมา,2,4025
หยิบฉวย,2,4026
เปรียบเปรย,2,4027
ถูกนำมา,2,4028
มีนกหัวขวาน,2,4029
หนอนรสชาติดี,2,4030
เพื่อนเกลอ,2,4031
หนอนอร่อย,2,4032
หนอนที่,2,4033
กินที่,2,4034
ต้นหนึ่ง,2,4035
เถอะน่า,2,4036
หัวขวาน,2,4037
ความแข็งแรง,2,4038
มันแข็ง,2,4039
สุดแรงเกิด,2,4040
ขัลล,2,4041
ทางลัด,2,4042
ความสำนึก,2,4043
ห่างไกลออก,2,4044
บุพกรรม,2,4045
นุ่งห่ม,2,4046
ปิดบัง,2,4047
พุทธันดร,2,4048
สวยอยู่,2,4049
สมุนไพรนี้,2,4050
สวยอยู่แล้ว,2,4051
งานหนัก,2,4052
น้ำมันงา,2,4053
สามารถนำพา,2,4054
โดยสวัสดิภาพ,2,4055
มรรคผล,2,4056
ต้นหน,2,4057
เพียรพยายาม,2,4058
ความสำเร็จ,2,4059
เจอน้ำ,2,4060
คนสนิท,2,4061
ชาวกอง,2,4062
บ้านก่อน,2,4063
อาหารส่วนใหญ่,2,4064
ฉันที่,2,4065
ผู้เลี้ยงดู,2,4066
อำนาจบุญคุณ,2,4067
ซาก,2,4068
โคกระบือ,2,4069
เสื้อผ้าอาภรณ์,2,4070
ตาก,2,4071
พรรณ,2,4072
กุรุง,2,4073
ผ่านพ้นไป,2,4074
ป่าละเมาะ,2,4075
หวัด,2,4076
กับดัก,2,4077
ถูกบ่วง,2,4078
ถ่วงเวลา,2,4079
กวางก่อน,2,4080
การถาม,2,4081
เพื่อให้ท่าน,2,4082
หลวงตา,2,4083
ท่าจะ,2,4084
จำนวนมากอาศัย,2,4085
กล้ามา,2,4086
พาตัว,2,4087
ได้ผล,2,4088
กลับมาฆ่า,2,4089
เก่าๆ,2,4090
ท่านอยู่,2,4091
การรับ,2,4092
ปูนอน,2,4093
ปูพื้น,2,4094
เป้าหมาย,2,4095
เลน,2,4096
จากหลุม,2,4097
สามีตน,2,4098
เต็มใจ,2,4099
ดีจริง,2,4100
ชาวสาลิ,2,4101
ปีนี้,2,4102
แม่นั้น,2,4103
สืบทอด,2,4104
จิกกินข้าวสาลี,2,4105
คาบรวงข้าวสาลีกลับมา,2,4106
เหลืองอร่าม,2,4107
เมล็ดข้าวสาลี,2,4108
แปลงนา,2,4109
ความตกใจ,2,4110
คะเน,2,4111
เมล็ดข้าว,2,4112
เอะอะ,2,4113
ความเมตตา,2,4114
ฉาง,2,4115
แก่เฒ่า,2,4116
ข้อสำคัญ,2,4117
คำสอนที่,2,4118
ยุคสมัย,2,4119
ประเทศอุ,2,4120
ตตร,2,4121
จากรัง,2,4122
ร่มเย็น,2,4123
แท่นบูชา,2,4124
เคราดำ,2,4125
ชุมชน,2,4126
สำราญ,2,4127
วัยชรา,2,4128
ขี่ม้า,2,4129
ติดตามพระราชา,2,4130
ขุนพล,2,4131
ก้าวร้าว,2,4132
แว่ว,2,4133
เข้าไปดู,2,4134
ถวายสัตย์,2,4135
ปกป้ององค์,2,4136
ดำรงชีวิตด้วย,2,4137
ทำงานต่อ,2,4138
ปูน้อย,2,4139
สามชั้น,2,4140
ผัวเมีย,2,4141
ต้นตาล,2,4142
นางกาและ,2,4143
ครวญคราง,2,4144
ทุกครั้งที่,2,4145
ตรัสรู้,2,4146
ใครต่อใคร,2,4147
บ้านของอำมาตย์,2,4148
คนที่หนึ่ง,2,4149
อานิสงส์,2,4150
เฉพาะพระพักตร์,2,4151
หาความสุข,2,4152
ทรงบำเพ็ญ,2,4153
อุเบกขา,2,4154
ริมฝั่งแม่น้ำคงคา,2,4155
เต้น,2,4156
หมั่นไส้,2,4157
มาโดยตลอด,2,4158
สอดองคชาต,2,4159
เวทนา,2,4160
ปลดเปลื้อง,2,4161
เจ้าสาว,2,4162
เจ้าบ่าว,2,4163
ท่านกับ,2,4164
เมถุน,2,4165
ราชกุมารน้อย,2,4166
จิตต,2,4167
โชก,2,4168
ช้างเหยียบ,2,4169
แก่ตัว,2,4170
ว่านอนสอนง่าย,2,4171
ของบรรดา,2,4172
ฝนตกหนัก,2,4173
แห้งก็,2,4174
โอรสนาม,2,4175
สู้รบ,2,4176
เบื้องบาท,2,4177
การอภิเษก,2,4178
พระชนม์,2,4179
อรหัตผล,2,4180
สินบน,2,4181
ทุกชีวิต,2,4182
กุศลกรรม,2,4183
ทำความดี,2,4184
สังสารวัฏ,2,4185
อบายภูมิ,2,4186
อุโบสถกรรม,2,4187
นิจ,2,4188
ชมเชย,2,4189
สวดมนต์,2,4190
เลื่อนตำแหน่ง,2,4191
ขับกล่อม,2,4192
หิวโหย,2,4193
ทิวา,2,4194
กลายร่าง,2,4195
เฝ้าศพ,2,4196
ฉกรรจ์,2,4197
นานวัน,2,4198
ของอิน,2,4199
เฮอ,2,4200
วิปโยค,2,4201
ทุกหย่อมหญ้า,2,4202
ชี้นำ,2,4203
ร้อนระอุ,2,4204
อีกด้วย,2,4205
คลุ้มคลั่ง,2,4206
น่าเศร้าใจ,2,4207
จบชีวิต,2,4208
มีโอกาส,2,4209
สำนึกถึง,2,4210
ความหงุดหงิด,2,4211
กระทืบ,2,4212
ตายอย่าง,2,4213
น่าอนาถ,2,4214
ผู้สอนยาก,2,4215
ของอร่อย,2,4216
แกง,2,4217
คอกัน,2,4218
ตายลง,2,4219
ไหม้,2,4220
เน่าเปื่อย,2,4221
เจอน้ำมัน,2,4222
เบญจศีล,2,4223
รั้ง,2,4224
ความกระวนกระวายใจ,2,4225
มัจฉ,2,4226
ปลาตัวผู้,2,4227
ต้มยำ,2,4228
ติดพัน,2,4229
ให้ได้รับ,2,4230
จับจอง,2,4231
สัตว์เดรัจฉานยัง,2,4232
ถูกับ,2,4233
เกา,2,4234
รังมดแดง,2,4235
ช้างบ้าง,2,4236
ต้นไทรนี่,2,4237
ตอนข้า,2,4238
ต้นไทรสูง,2,4239
ถูกกิเลส,2,4240
เช้านี้,2,4241
สีน้ำตาล,2,4242
ค่ำ,2,4243
สัตว์เลี้ยง,2,4244
อาหารดี,2,4245
มุนิ,2,4246
กะได้รับ,2,4247
หาอาหารดี,2,4248
หมั้น,2,4249
ขุน,2,4250
เชือด,2,4251
โคมหา,2,4252
เอก,2,4253
ใฝ่,2,4254
โชคดี,2,4255
หลักธรรม,2,4256
ปกปิด,2,4257
ติดตาม,2,4258
การที่จะ,2,4259
ถึงแก่ชีวิต,2,4260
เทวดามิจฉาทิฐิ,2,4261
หมั่น,2,4262
สำนึกผิด,2,4263
กรรมอันเป็น,2,4264
บาปนั้น,2,4265
เก่งอย่าง,2,4266
ลูกไฟ,2,4267
ขวางทางอยู่,2,4268
รีบกลับมารายงาน,2,4269
วันนี้แหละ,2,4270
รู้กัน,2,4271
เป็นอันขาด,2,4272
การบำเพ็ญทาน,2,4273
ส่องแสง,2,4274
ระยิบระยับ,2,4275
จับใจ,2,4276
ข้อยุติ,2,4277
หนาวอย่างนี้,2,4278
เดินทางข้ามน้ำ,2,4279
ย่อมรู้สึก,2,4280
ของการดื้อรั้น,2,4281
พบจุดจบ,2,4282
ติดตัว,2,4283
โลกีย์,2,4284
เหมือนข้า,2,4285
เชื่อง,2,4286
หนีหาย,2,4287
เชื้อ,2,4288
พุ่งตัว,2,4289
ที่ว่ายากสอนยาก,2,4290
เหยียดหยาม,2,4291
ถือเป็น,2,4292
เป็นลำดับ,2,4293
พ่อค้าวาณิชย์,2,4294
ทันตาเห็น,2,4295
โตน่ากิน,2,4296
วิทย,2,4297
เคล็ด,2,4298
โอ้โฮ,2,4299
สะพัง,2,4300
เคยออกผล,2,4301
ไปให้พ้น,2,4302
เจติ,2,4303
กล้าหาญ,2,4304
แก่นี้,2,4305
ไถ่ตัว,2,4306
ธุลี,2,4307
ทุน,2,4308
ดอกไม้ที่,2,4309
จอง,2,4310
เช่า,2,4311
เทียมทาน,2,4312
หอกซัด,2,4313
กระบอง,2,4314
พ่อค้าวาณิช,2,4315
ประตูป่า,2,4316
เดินทางผ่าน,2,4317
กายสิทธิ์,2,4318
ลดละ,2,4319
เป็นผง,2,4320
ต้องกลัว,2,4321
นาที,2,4322
กุมารก็,2,4323
รับปาก,2,4324
ดุด่า,2,4325
เก็บรักษา,2,4326
ลาย,2,4327
ดุร้ายอย่าง,2,4328
แสบแก้วหู,2,4329
ตามลำพัง,2,4330
แทนที่จะ,2,4331
ต้องดูแล,2,4332
พญาช้างเผือก,2,4333
รีบนำ,2,4334
ท่านควาญช้าง,2,4335
ช้างเผือก,2,4336
ต่อไปนี้,2,4337
ยอมกิน,2,4338
ขอให้พระองค์,2,4339
เหมือนพญา,2,4340
โดยบังเอิญ,2,4341
คบหาสมาคม,2,4342
เสมอมา,2,4343
ไขมัน,2,4344
ทางด้านบน,2,4345
สายธนู,2,4346
ได้รับบาดเจ็บสาหัส,2,4347
บาดเจ็บสาหัส,2,4348
ของอาชา,2,4349
อาหารก็,2,4350
ให้หา,2,4351
ไม่เห็นจะ,2,4352
กะเผลก,2,4353
แปรง,2,4354
โพกกะเผลก,2,4355
แบบอย่าง,2,4356
ม้านั่น,2,4357
เปลี่ยนคนเลี้ยง,2,4358
มากกว่านี้,2,4359
โล่ง,2,4360
ออกก็,2,4361
หาคู่,2,4362
ตื่นเต้น,2,4363
มีนกหนุ่ม,2,4364
กาดำ,2,4365
เกาะกุม,2,4366
แปลงร่าง,2,4367
ต้านทาน,2,4368
แรงกิเลส,2,4369
หลบซ่อนตัว,2,4370
ห้ามใจ,2,4371
สบโอกาสก็,2,4372
ท่านข้ามทะเล,2,4373
ท่านข้าม,2,4374
ข้ามทะเล,2,4375
ท่านอีกนั่นแหละ,2,4376
ปุก,2,4377
ทานิ,2,4378
สิม,2,4379
พลิ,2,4380
มารุ,2,4381
ปุกะ,2,4382
ธิรตฺถุ,2,4383
ถูกกำจัด,2,4384
ระมัดระวัง,2,4385
ที่สูง,2,4386
ง่ำ,2,4387
ผู้นำทาง,2,4388
สรณะ,2,4389
หูเบา,2,4390
พืชผัก,2,4391
ท้องกิ่ว,2,4392
แปล้,2,4393
ระมัดระวังตัว,2,4394
ท่าทาง,2,4395
ห้วยหนองคลองบึง,2,4396
ขนน้ำ,2,4397
ข้างหน้าฝนตก,2,4398
ปัณณะ,2,4399
หัวใจจริงๆ,2,4400
ตั้งเค้า,2,4401
ยุ้งข้าว,2,4402
จัดการมัน,2,4403
ลงดาบ,2,4404
เคร่ง,2,4405
สาวใช้,2,4406
ปรุงแต่ง,2,4407
ติดรสอาหาร,2,4408
อุทยานก็,2,4409
เลีย,2,4410
กินน้ำผึ้ง,2,4411
ประชด,2,4412
กลัวเกรง,2,4413
อ่อนปวกเปียก,2,4414
รึเปล่า,2,4415
ดีงาม,2,4416
หนุ,2,4417
รู้แจ้ง,2,4418
หน้าตาดี,2,4419
เปลี่ยนความคิด,2,4420
ทางโลกก่อน,2,4421
เรียนรู้,2,4422
ที่มารดา,2,4423
พรรณนา,2,4424
เอย,2,4425
หรอกครับ,2,4426
หน้ามืด,2,4427
ปลงศพ,2,4428
หัวข้อ,2,4429
ไหมละ,2,4430
ลิ้มรส,2,4431
เหวอะหวะ,2,4432
ปลากัด,2,4433
เรื่องสำคัญ,2,4434
อนาถ,2,4435
บิณฑ,2,4436
คบหากับ,2,4437
ท่านว่า,2,4438
ผุกร่อน,2,4439
มัว,2,4440
ทำงานกัน,2,4441
โคนของมงคล,2,4442
เป็นโพรง,2,4443
ศักดา,2,4444
ทั้งเมือง,2,4445
มากยิ่งขึ้น,2,4446
ผีสางเทวดา,2,4447
ดลบันดาล,2,4448
หัวหมู,2,4449
ขจัด,2,4450
อย่างงี้,2,4451
โดยที่,2,4452
รกร้าง,2,4453
เพื่อนำ,2,4454
ฝากหนู,2,4455
ชีวิตกับ,2,4456
ให้ท่านกิน,2,4457
ไม่ต้องอยู่,2,4458
อย่างอดอยาก,2,4459
ผลึก,2,4460
ไมตรี,2,4461
หักหลัง,2,4462
ชาวเรือ,2,4463
ล่อนจ้อน,2,4464
เอาละ,2,4465
ก็ดีนะ,2,4466
มากราบไหว้,2,4467
ขอพร,2,4468
กัมพิล,2,4469
อเจลก,2,4470
ท่านรึ,2,4471
ต่อจากนี้ไป,2,4472
เวหา,2,4473
หรู,2,4474
หาเรื่อง,2,4475
ม่าย,2,4476
จิตอัน,2,4477
ตะกุย,2,4478
ให้พร,2,4479
เรื่องบุญ,2,4480
ร่ม,2,4481
ดาบสอยู่,2,4482
ในทางกลับกัน,2,4483
หรอกรึ,2,4484
นิ่งเฉย,2,4485
ถามดาบส,2,4486
บอกสิ่งใด,2,4487
เก็บงำ,2,4488
ขอนั้น,2,4489
วิบากกรรมที่,2,4490
อาหารถวาย,2,4491
สลาก,2,4492
เจ้าของบ้าน,2,4493
คำถามกับ,2,4494
ถามอะไร,2,4495
เสียเวลา,2,4496
ยัด,2,4497
กระจ้อยร่อย,2,4498
อ้วก,2,4499
แผดเสียงร้อง,2,4500
ชั้นต่ำ,2,4501
ไพรสณฑ์,2,4502
ผ่านหน้า,2,4503
ต้องการสึก,2,4504
กลับมายัง,2,4505
หน้าเศร้า,2,4506
ไปหามา,2,4507
เรือข้ามฟาก,2,4508
คนพาย,2,4509
ร้าง,2,4510
นที,2,4511
ผิวน้ำ,2,4512
เรื่องราวที่,2,4513
ครู่,2,4514
ระหว่างการ,2,4515
เดินทางใน,2,4516
ก่อตัว,2,4517
โดยสารมา,2,4518
ชะมัด,2,4519
ความดีใจ,2,4520
อีกนิด,2,4521
ย่างกระต่าย,2,4522
ยืนกราน,2,4523
ผิดศีล,2,4524
ได้รับใช้,2,4525
บาทบริจาริกา,2,4526
ช้างมหา,2,4527
ดูเถอะ,2,4528
คชสาร,2,4529
ทำให้ท่าน,2,4530
แรงบุญ,2,4531
ขาดใจตาย,2,4532
รัศมี,2,4533
พลาง,2,4534
เวทนาการ,2,4535
เสาค่าย,2,4536
ของกิ้งก่า,2,4537
ครึ่ง,2,4538
ไม่ต้องอิจฉา,2,4539
ซักถาม,2,4540
รูปมิ,2,4541
บรรลุโสดาปัตติผล,2,4542
บัล,2,4543
มหาเศรษฐี,2,4544
คลัง,2,4545
เครื่องหมาย,2,4546
ปลอมแปลง,2,4547
ปัจจันตชนบท,2,4548
น้อมนำ,2,4549
ปัจ,2,4550
โภค,2,4551
แก่นาย,2,4552
กระออมน้ำ,2,4553
ขาทนียะ,2,4554
บรรณาการ,2,4555
ฺตฺ,2,4556
วาน,2,4557
เสย,2,4558
ขึ้นใจ,2,4559
ตีตรา,2,4560
ผุดผ่อง,2,4561
หมายมั่น,2,4562
ที่ตั้งใจ,2,4563
อีกนะ,2,4564
ผึ่ง,2,4565
อัตภาพอัน,2,4566
ท่านยัง,2,4567
มีครอบครัว,2,4568
มารยาท,2,4569
ทาบทาม,2,4570
หิริ,2,4571
ตับ,2,4572
จับมือ,2,4573
รัดรึง,2,4574
เฝ้ามอง,2,4575
ร่ำร้อง,2,4576
ขาวนี้,2,4577
ที่ไหนได้,2,4578
หากน้อง,2,4579
คิดดู,2,4580
เผชิญ,2,4581
ราตรี,2,4582
ชาวบ้านกลุ่ม,2,4583
น้ำขึ้น,2,4584
ล่อกแล่ก,2,4585
คูถ,2,4586
ละครับ,2,4587
ฉลาดเฉลียว,2,4588
คำถามนี้,2,4589
ฝุ่น,2,4590
ปาล,2,4591
ลูกชายอาจารย์,2,4592
ปาลกุมา,2,4593
บวชเรียน,2,4594
แยกย้าย,2,4595
ปีก็,2,4596
ในที่ต่ำ,2,4597
ในที่สูงกว่า,2,4598
ฤดูกาล,2,4599
โกรธแค้น,2,4600
ฉุนเฉียว,2,4601
เชยชม,2,4602
มั่งคั่ง,2,4603
สมรสกับ,2,4604
รูปร่างงาม,2,4605
ชำระ,2,4606
ปริพาชิกา,2,4607
โดยพลัน,2,4608
กานี้,2,4609
ถูกความโกรธ,2,4610
เหมือนพระจันทร์,2,4611
เดินหนี,2,4612
ความละอายใจ,2,4613
เรื่องกิเลส,2,4614
พระธรรมวินัย,2,4615
รหิต,2,4616
วานรน้อย,2,4617
หิมพาน,2,4618
น่ารักจริงๆ,2,4619
รบเร้า,2,4620
ชู้รัก,2,4621
จำแลงกาย,2,4622
ดูก่อนพระ,2,4623
คอยอยู่,2,4624
ท่านราชบุรุษ,2,4625
หม่อมฉันทนไม่ไหว,2,4626
ดนตรี,2,4627
ทัดทานของ,2,4628
ตลอดทาง,2,4629
ทั้งหลายกิน,2,4630
นครหลวง,2,4631
ไทยธรรม,2,4632
ของอุบาสก,2,4633
ประพฤติผิด,2,4634
เกรี้ยวกราด,2,4635
ทำดี,2,4636
ทำผิด,2,4637
เจ้าชู้,2,4638
บ่าย,2,4639
สนาม,2,4640
ให้ความสนใจ,2,4641
เคารพบูชา,2,4642
ขาอ่อน,2,4643
หลีกหนี,2,4644
วังสะ,2,4645
พระราชโอรสสอง,2,4646
กัง,2,4647
ตตรปถ,2,4648
พระนางกับ,2,4649
แม้นาง,2,4650
เป็นจริง,2,4651
นครทั้งหมด,2,4652
ราชกุมารทั้ง,2,4653
ลานั้น,2,4654
จากดวงจันทร์,2,4655
ของกษัตริย์,2,4656
ปากอ่าว,2,4657
กันที่,2,4658
ตะไคร่น้ำ,2,4659
ต้องดื่ม,2,4660
เทพนคร,2,4661
รื่น,2,4662
เป็นที่พัก,2,4663
นอนลง,2,4664
มีมนต์,2,4665
สักกะได้,2,4666
เสริม,2,4667
ขี้ควาย,2,4668
นางด้วง,2,4669
สวนของ,2,4670
ประจำปี,2,4671
ต้องการน้ำ,2,4672
มากหน่อย,2,4673
ลิงอวด,2,4674
อานาถบิณฑ,2,4675
ติกชาดก,2,4676
ล้อมวง,2,4677
ขี้เมา,2,4678
ขอทาง,2,4679
จอก,2,4680
กับแกล้ม,2,4681
ไหนี้,2,4682
ใสแจ๋ว,2,4683
ขึ้นอยู่,2,4684
นฬปาน,2,4685
แหล่งที่อยู่,2,4686
อดตายกัน,2,4687
แหง,2,4688
สุดท้ายกัน,2,4689
บัญชาการ,2,4690
อยู่กิน,2,4691
ออกจากบ้านเก่า,2,4692
ตามรั้งท้าย,2,4693
เดินลง,2,4694
หน่วย,2,4695
กระหาย,2,4696
เผลอ,2,4697
วานรทุก,2,4698
แรงอธิษฐาน,2,4699
ใช้ประโยชน์,2,4700
อัคคิ,2,4701
ภารทวา,2,4702
ทำทีนับ,2,4703
หางหนู,2,4704
หมดแรง,2,4705
เบียดเสียด,2,4706
บางตาลง,2,4707
คบชู้สู่ชาย,2,4708
เล่ห์กลมารยา,2,4709
ความเลื่อมใสศรัทธา,2,4710
เดินทางเข้าออก,2,4711
ลัล,2,4712
แท้ที่จริง,2,4713
เสียดแทง,2,4714
น้ำนมสด,2,4715
หากนาง,2,4716
ลมเสียดแทง,2,4717
หน้าอก,2,4718
ชี้แนะ,2,4719
หรือไม่เช่นนั้น,2,4720
ภัตรที่,2,4721
อี้,2,4722
ภุต,2,4723
ตญฺจ,2,4724
อีกวัด,2,4725
บาตรดินเหนียว,2,4726
เถาวัลย์,2,4727
ควรจะเป็น,2,4728
ท่านมาก็ดีแล้ว,2,4729
ความโลภมาก,2,4730
ตัวเมีย,2,4731
น้ำเย็นเจี๊ยบ,2,4732
ริมฝั่งน้ำ,2,4733
หากินตาม,2,4734
สามารถลาก,2,4735
อื้อหือ,2,4736
ปลากัน,2,4737
ท่อนกลาง,2,4738
มาทะเลาะ,2,4739
มองหน้า,2,4740
คราด,2,4741
หรอกลูก,2,4742
ท้าพนัน,2,4743
โม้,2,4744
การพนัน,2,4745
มีพลัง,2,4746
เชียวนะ,2,4747
หมดกำลังใจ,2,4748
เคลื่อนที่,2,4749
พุทธกาลนั้น,2,4750
ตามพ่อ,2,4751
ช้าก่อน,2,4752
จะเข้า,2,4753
ของบ้าน,2,4754
เลื่อย,2,4755
ห๊า,2,4756
เสร็จสรรพ,2,4757
เพียบพร้อมด้วย,2,4758
หายาก,2,4759
ชายกลุ่ม,2,4760
คุย,2,4761
บกพร่อง,2,4762
ทางโลก,2,4763
ของใช้,2,4764
ข่าวดี,2,4765
ขอพระราชทานอนุญาต,2,4766
แม่ครัว,2,4767
ผลัดกัน,2,4768
ถึงว่า,2,4769
สมัญญา,2,4770
ปล้นสะดม,2,4771
ไถ่,2,4772
ผู้ร้าย,2,4773
ขอพระราชทาน,2,4774
ปราศจาก,2,4775
ลำบากใจ,2,4776
ปัจจันตคามนี้,2,4777
ครึ่งหนึ่ง,2,4778
รับปากว่า,2,4779
อีกหลายครั้ง,2,4780
เผ่น,2,4781
ครั้งก่อนก็ได้,2,4782
บ้านเรือนของ,2,4783
ผู้ใหญ่บ้านกลับ,2,4784
แอบซ่อน,2,4785
เชื่อใจ,2,4786
น่านับถือ,2,4787
ทุบตี,2,4788
ข้องใจ,2,4789
คหบดี,2,4790
โกน,2,4791
มากัน,2,4792
ผิดสังเกต,2,4793
ระมัดระวังตัวเอง,2,4794
คนแปลกหน้า,2,4795
หงอก,2,4796
ราม,2,4797
ท่านทำ,2,4798
ใช้ไม่ได้,2,4799
ร่วมกับ,2,4800
ไพร่พล,2,4801
ชนนี,2,4802
ย่อมระงับ,2,4803
ราชกุมารก็,2,4804
ปลง,2,4805
ชักพระ,2,4806
พระเศียร,2,4807
โมฆ,2,4808
บ้วนปาก,2,4809
แบ่งเบาภาระ,2,4810
กลั่นแกล้ง,2,4811
เมื่อกี้,2,4812
น้ำร้อน,2,4813
เพื่อนบ้านว่า,2,4814
ชุกชุม,2,4815
สระผม,2,4816
ซาว,2,4817
ยากนัก,2,4818
เกี้ยว,2,4819
คิดมาก,2,4820
เหลืองก็,2,4821
อภัย,2,4822
อยู่ดี,2,4823
ทศพิธราชธรรม,2,4824
คิดอ่าน,2,4825
เทวีนั้น,2,4826
มีปัญหา,2,4827
อย่างกล้าหาญ,2,4828
ทำให้พระเจ้า,2,4829
อ้อมกอด,2,4830
อบอุ่น,2,4831
กักขัง,2,4832
ก่อการร้าย,2,4833
บพิธ,2,4834
บ้านเมืองอย่าง,2,4835
แอบนัดพบกัน,2,4836
คุ้มกันภัย,2,4837
ท่านราชองครักษ์,2,4838
ครั้งสุดท้าย,2,4839
เสียเถิด,2,4840
มอบหมาย,2,4841
เคี้ยว,2,4842
ขนม,2,4843
มดแดง,2,4844
มากินกัน,2,4845
ลาภปากรอบ,2,4846
ต้องเตือนสติ,2,4847
ยอมตาย,2,4848
สนั่น,2,4849
พลิก,2,4850
ปากคาบ,2,4851
ดังเดิม,2,4852
ขย้ำ,2,4853
พร้อมใจกัน,2,4854
ฮึกเหิม,2,4855
แผนที่,2,4856
ขู่,2,4857
ได้ตัว,2,4858
ผู้ตัดสิน,2,4859
ไหลมาบรรจบกัน,2,4860
ว่ายมา,2,4861
วูบวาบ,2,4862
โฉมกัน,2,4863
เข้าข้าง,2,4864
ท่านที่อยู่,2,4865
กรุงกบิลพัสดุ์,2,4866
ปองร้าย,2,4867
ไหนจะ,2,4868
ท่านภ,2,4869
ให้ท่านอาจารย์,2,4870
ชราภาพ,2,4871
สุชาต,2,4872
การปรนนิบัติ,2,4873
จำไว้,2,4874
เผาศพ,2,4875
อีกคน,2,4876
อาหารคาว,2,4877
ให้ท่านพ่อ,2,4878
สุชาตกุมารก็,2,4879
ของโปรด,2,4880
เป็นบ้า,2,4881
ได้เวลา,2,4882
ตกน้ำมัน,2,4883
โซ่,2,4884
ห่าง,2,4885
สงบอยู่,2,4886
เล่าขาน,2,4887
ความฝัน,2,4888
เจ้าเมืองก็,2,4889
ไหนล่ะ,2,4890
รัด,2,4891
ติดกับดัก,2,4892
ของกวาง,2,4893
เจอดี,2,4894
มึนเมา,2,4895
ชัก,2,4896
มือหนึ่ง,2,4897
ประกอบอาชีพ,2,4898
ดาบสวรุณ,2,4899
ส่วนประกอบ,2,4900
เมืองร้าง,2,4901
สุรามา,2,4902
สอดแนม,2,4903
สังเกตดู,2,4904
ทรงดื่ม,2,4905
สวยอย่าง,2,4906
ข้องแวะ,2,4907
ตัดหัว,2,4908
บังอาจมา,2,4909
หลั่งไหล,2,4910
เพาะปลูก,2,4911
อาหารอร่อยอย่างนี้,2,4912
อภิธรรม,2,4913
การบอก,2,4914
ดำเนิน,2,4915
เกล้า,2,4916
เช็ดถู,2,4917
ทวย,2,4918
ดำรงชีวิตอยู่,2,4919
เรี่ยว,2,4920
ยาบำรุง,2,4921
ตั้งแต่วันนั้น,2,4922
ตามลำดับ,2,4923
มองออก,2,4924
ได้ความ,2,4925
เที่ยวหา,2,4926
ทูนหัว,2,4927
นอนซม,2,4928
ก็ดีขึ้น,2,4929
กระสับกระส่าย,2,4930
ทานอัน,2,4931
การถวาย,2,4932
ของกุฎุมพี,2,4933
สมัยก่อนทั้งหลาย,2,4934
ท่านกระต่าย,2,4935
ขอทาน,2,4936
ความแน่ใจ,2,4937
ทันทีที่,2,4938
บอกมา,2,4939
ต้องการมา,2,4940
ท่านทาน,2,4941
ขอมอบ,2,4942
ท่านคิด,2,4943
มีแผน,2,4944
การร้าย,2,4945
ผู้ทรงธรรม,2,4946
คอยท่า,2,4947
บริพาร,2,4948
น่าเบื่อ,2,4949
หรอกน่า,2,4950
น้อยลง,2,4951
เกิดเหตุร้าย,2,4952
เกสรดอกไม้,2,4953
ย่อง,2,4954
หวานฉ่ำ,2,4955
กราบเรียน,2,4956
เคล็ดลับ,2,4957
ปลายกิ่ง,2,4958
บัง,2,4959
ภูมิความรู้,2,4960
มีนายกอง,2,4961
ทุกคนมา,2,4962
เก็บกิน,2,4963
ดกดื่น,2,4964
เต่งตึง,2,4965
ผิว,2,4966
ฉกชิงทรัพย์,2,4967
หมู่บ้านของ,2,4968
บังควร,2,4969
ทวงหนี้,2,4970
ขายกัน,2,4971
ข้าวสุก,2,4972
สิงสถิต,2,4973
ลาภยศอันเป็น,2,4974
ก้อนกรวด,2,4975
โครง,2,4976
เครง,2,4977
หยิบผิด,2,4978
หุบ,2,4979
เร่ขาย,2,4980
ใจเย็น,2,4981
พระอัครสาวกกลับมา,2,4982
เตือนสติ,2,4983
เสวยทุกข์,2,4984
ดำรัส,2,4985
เสียงดุเหว่า,2,4986
ตกลงมา,2,4987
ดุเหว่านี้,2,4988
ทุกข์เข็ญ,2,4989
นึง,2,4990
สั่นเทา,2,4991
แต่ก่อนที่จะ,2,4992
ขวด,2,4993
ใส่ยาพิษ,2,4994
แต่ก่อนที่,2,4995
ข้าวสารก็,2,4996
แกลบก็,2,4997
ผุด,2,4998
กุมารถือ,2,4999
ความเป็นชาย,2,5000
ดิ้นรน,2,5001
ดาบสน้อง,2,5002
สะดุด,2,5003
เอ๋,2,5004
ลาบ,2,5005
คราม,2,5006
ว้าว,2,5007
พลั่ง,2,5008
พลู,2,5009
ไปหางานทำ,2,5010
ซ้ะ,2,5011
เรือประมง,2,5012
เอื่อย,2,5013
เมฆฝน,2,5014
ล้มกลิ้ง,2,5015
สัปดาห์,2,5016
เสียงหัวเราะ,2,5017
เดินอากาศ,2,5018
จำเป็นจริงๆ,2,5019
เขียนจดหมาย,2,5020
ปากกล้า,2,5021
สมอง,2,5022
ล้อมกองทัพ,2,5023
ท่วม,2,5024
เมืองบาดาล,2,5025
เถา,2,5026
บอระเพ็ด,2,5027
เป็นนิสัย,2,5028
ค้า,2,5029
ตามิน,2,5030
รวงข้าว,2,5031
เคยกัด,2,5032
วัวควาย,2,5033
เอาตัวรอดก่อน,2,5034
กล้าเสี่ยง,2,5035
ลากลับ,2,5036
พิรุธ,2,5037
เจ้าพ่อค้านั่น,2,5038
เหลือก็,2,5039
แม่นม,2,5040
อุแว้,2,5041
หอคอย,2,5042
ร้องเพลง,2,5043
เข้าใกล้,2,5044
ต่างแดน,2,5045
ตะโกนบอก,2,5046
เป็นระยะ,2,5047
ท่านรู้จัก,2,5048
กระจัดกระจาย,2,5049
ฉุดกระชาก,2,5050
แร่,2,5051
ของอดีต,2,5052
สลับ,2,5053
โอษฐ์,2,5054
หวั่นวิตก,2,5055
ทำลายธรรม,2,5056
อันตรธาน,2,5057
ทรงกลัว,2,5058
ราชนั้น,2,5059
สาป,2,5060
ถึงกำหนด,2,5061
คำสัตย์,2,5062
รำพึงรำพัน,2,5063
สายตาดัน,2,5064
ต้องอยู่,2,5065
หลงรัก,2,5066
หญิงสาวก็,2,5067
กระท่อมกลาง,2,5068
เป็นพิษ,2,5069
คิชฌกูฏ,2,5070
เครื่องบรรณาการ,2,5071
เสนอำมาตย์,2,5072
ลงมาจาก,2,5073
ผู้แพ้,2,5074
โดดลง,2,5075
ลั่น,2,5076
เสียงร้อง,2,5077
กึกก้อง,2,5078
ทั้งสองเท่านั้น,2,5079
หอกอีกหนึ่ง,2,5080
ความบากบั่น,2,5081
ทรัพย์มรดก,2,5082
ตะไคร้น้ำ,2,5083
จากน้ำตกลง,2,5084
โฉบเอา,2,5085
ถูกความอยาก,2,5086
ซบเซา,2,5087
ทรุด,2,5088
นำมาบริโภค,2,5089
การพิจารณา,2,5090
อยู่รอด,2,5091
ของกลุ่ม,2,5092
ระอา,2,5093
นิยม,2,5094
ชาวบ้านคนอื่น,2,5095
เชียร์,2,5096
กระดาน,2,5097
เกมส์,2,5098
เจ็บใจจริงๆ,2,5099
ตากแดด,2,5100
เคลือบอยู่,2,5101
เกิดเหตุการณ์,2,5102
หัวมัน,2,5103
ถึงที่พัก,2,5104
ล่วงเกิน,2,5105
ฝากฝัง,2,5106
ถูกล่ามโซ่,2,5107
เค้น,2,5108
กรง,2,5109
อมนุษย์,2,5110
ห่อนี้,2,5111
แทรกซึม,2,5112
ฟาก,2,5113
เป็นเวลาพักผ่อน,2,5114
ลงเรือ,2,5115
เดินทางออก,2,5116
ในที่ใด,2,5117
ญาติโยมที่อื่น,2,5118
แจวเรือ,2,5119
คิดเงินค่าจ้าง,2,5120
ตามใจชอบ,2,5121
๒๐๐,2,5122
ก็ได้ท่าน,2,5123
ท้องแก่,2,5124
โฉด,2,5125
หลากหลาย,2,5126
อดอยาก,2,5127
น่าเวทนา,2,5128
มีมา,2,5129
พลอย,2,5130
ท่านภิกษุ,2,5131
อันนี้,2,5132
บริขารมากมาย,2,5133
ข้าวของเครื่องใช้,2,5134
ท้องทะเลอัน,2,5135
ปลาก็,2,5136
ทะเลก็,2,5137
แล้วทน,2,5138
มีน้ำทะเล,2,5139
อีกหน่อย,2,5140
คุยกับ,2,5141
ว่าน้ำทะเล,2,5142
ท้องทะเลนั้น,2,5143
าฬว,2,5144
เจดีย์,2,5145
การเที่ยว,2,5146
ภิกษาหาร,2,5147
เป็นที่ชอบใจ,2,5148
ป่วยกล่าว,2,5149
ท่านอีกต่อไป,2,5150
โสดาบัน,2,5151
มีนาม,2,5152
ทางบรรลุ,2,5153
กังขา,2,5154
อัธยาศัย,2,5155
แขน,2,5156
หมุนตัว,2,5157
เสนา,2,5158
รำลึกถึง,2,5159
ความช่วยเหลือ,2,5160
ติดตามละมั่ง,2,5161
บริบูรณ์,2,5162
การบุญ,2,5163
สอดลูกศร,2,5164
เวตรณ,2,5165
หิริโอตตัปปะ,2,5166
ทีป,2,5167
ของมัณฑ,2,5168
ทองหลางมา,2,5169
แล้วท่าน,2,5170
กัณห,2,5171
หลาวออก,2,5172
ตอนแรก,2,5173
รอดชีวิต,2,5174
มารก็,2,5175
รู้มาก่อน,2,5176
ฝืนใจ,2,5177
พระภิกษุณี,2,5178
หังส,2,5179
บุตรหญิง,2,5180
สงสารท่านพ่อ,2,5181
ยินดีด้วย,2,5182
ฝืน,2,5183
เรือนไฟ,2,5184
มรณะ,2,5185
อุบัติ,2,5186
ขอนอบน้อม,2,5187
พระพุทธคุณ,2,5188
เกี่ยวดอง,2,5189
ปฏิบัติตาม,2,5190
สามก็,2,5191
ล้างหน้า,2,5192
สลบ,2,5193
คิดร้าย,2,5194
ยัก,2,5195
แล่,2,5196
สกุณี,2,5197
ชาวนามา,2,5198
รวง,2,5199
เยือน,2,5200
ทุ่งนา,2,5201
พ่น,2,5202
กำราบ,2,5203
ให้จงได้,2,5204
ผู้มีอายุ,2,5205
สุราสีแดงดั่ง,2,5206
เวียนหัว,2,5207
ประคอง,2,5208
เมามาย,2,5209
หวงห้าม,2,5210
ออกมาบิณฑบาต,2,5211
บิณฑบาตอยู่,2,5212
พร่ำสอนภิกษุณี,2,5213
ห้ามไม่ให้,2,5214
ตนเองกลับ,2,5215
ดีแต่,2,5216
บินมา,2,5217
แล่นมาด้วย,2,5218
นอนตายอยู่,2,5219
ที่ทาง,2,5220
แก่นก,2,5221
ตัวเองมี,2,5222
ความละโมบ,2,5223
ถูกล้อ,2,5224
ปีกหัก,2,5225
นอนอยู่,2,5226
ร่วมทุนกัน,2,5227
อาหารรส,2,5228
โกงบ่ายเบี่ยง,2,5229
แอบอยู่,2,5230
ท่านรุกขเทวดา,2,5231
กล่าวธรรม,2,5232
งานมงคล,2,5233
มีไหวพริบ,2,5234
ขอรับกระผม,2,5235
อย่างไรเล่า,2,5236
มานพนี้,2,5237
กล่าวอุปมา,2,5238
น้ำอ้อยกับ,2,5239
ข้น,2,5240
โอชะ,2,5241
ผ้าไตรมา,2,5242
โอชะนี้,2,5243
ถามท่าน,2,5244
ยึดถือ,2,5245
กังวล,2,5246
มั่น,2,5247
ภัตตาหารอัน,2,5248
ปรุงด้วย,2,5249
ผลาญ,2,5250
ฝาเรือนคนอื่น,2,5251
โง่เขลา,2,5252
ตะคอก,2,5253
กุมขมับ,2,5254
ต่างถิ่น,2,5255
ยากคนจน,2,5256
เมื่อก่อนภิกษุ,2,5257
หมดพยศ,2,5258
ลูกหลาน,2,5259
ทำบุญทำทาน,2,5260
หุง,2,5261
โลกหน้า,2,5262
ทั้งหลายกล่าวว่า,2,5263
จับต้อง,2,5264
ของดิบ,2,5265
โคกิน,2,5266
ชาวบ้านพากัน,2,5267
บำเพ็ญทาน,2,5268
วงศ์,2,5269
ทำลายวงศ์ตระกูล,2,5270
ได้รับฟัง,2,5271
ชิต,2,5272
เห็นได้ชัด,2,5273
มีหน้าตา,2,5274
เข้าพบ,2,5275
ข้าหลวง,2,5276
พระเจ้าเมือง,2,5277
บ่นพึมพำ,2,5278
ทรงอภิรมย์,2,5279
ผ้าคลุม,2,5280
กระมิดกระเมี้ยน,2,5281
พานางมา,2,5282
ฮัด,2,5283
ขอให้พระคุณเจ้า,2,5284
ข้างทาง,2,5285
ประโยค,2,5286
ปีศาจ,2,5287
สามารถกิน,2,5288
บังอาจ,2,5289
ธรรมกถา,2,5290
ทุ่งหญ้า,2,5291
น่าเกรงขาม,2,5292
สิงห์,2,5293
สีหนาท,2,5294
ปวง,2,5295
เหมือนราชสีห์,2,5296
แผดเสียงคำราม,2,5297
แผดเสียง,2,5298
เท้าช้าง,2,5299
กระต่ายตื่นตูม,2,5300
โหย,2,5301
มิจฉา,2,5302
มาคุย,2,5303
ผาสุก,2,5304
ตาล,2,5305
ของกระต่าย,2,5306
หล่น,2,5307
ตื่นตระหนกตกใจ,2,5308
มานี่,2,5309
บ้างดีกว่า,2,5310
หน้าตาตื่น,2,5311
แผ่นดินไหว,2,5312
ราบ,2,5313
แรด,2,5314
ต้องออก,2,5315
แดก,2,5316
มารึ,2,5317
เป็นแน่แท้,2,5318
หน้าผาก่อน,2,5319
กระต่ายตื่นตูมตัว,2,5320
ต้นเหตุ,2,5321
ใบตาล,2,5322
สุกหล่น,2,5323
แล้วราชสีห์,2,5324
แล้วออก,2,5325
สุดกำลัง,2,5326
ตรงไหนรึ,2,5327
ทั้งนั้นแหละ,2,5328
กลางอากาศ,2,5329
ร่างกำยำ,2,5330
แผ่วเบา,2,5331
สีแดงอยู่,2,5332
ขอให้พระ,2,5333
ประนมมือ,2,5334
เม้ม,2,5335
ราชกุมารพระองค์,2,5336
คบเพลิง,2,5337
เดินตามรอยเท้า,2,5338
สิงอยู่,2,5339
อัสสัตถพฤกษ์,2,5340
เปล่าๆ,2,5341
เก้าอี้,2,5342
นอนคิด,2,5343
ท่านองค์,2,5344
รักษ์,2,5345
ท่านออกจาก,2,5346
เป็นอดีต,2,5347
มากนัก,2,5348
มีเคราะห์,2,5349
สีหน้าที่,2,5350
นอกใจ,2,5351
เงยหน้า,2,5352
มีหน้า,2,5353
เหมือนม้า,2,5354
ริม,2,5355
ห่า,2,5356
พรึบ,2,5357
ปิดปาก,2,5358
ยกมือขึ้น,2,5359
ปาด,2,5360
แดนมนุษย์,2,5361
เดี๋ยวก่อน,2,5362
เดินเล่น,2,5363
บางส่วน,2,5364
โหมกระหน่ำ,2,5365
จินดามณี,2,5366
หันหลัง,2,5367
ตุบๆ,2,5368
ฉาด,2,5369
ประจำเมือง,2,5370
เวียน,2,5371
คนร้าย,2,5372
พิณ,2,5373
ดินเหนียว,2,5374
แผ่นดินใหญ่,2,5375
คืนหนึ่ง,2,5376
ยกขึ้น,2,5377
แอ๊ด,2,5378
หันหน้า,2,5379
เจ็บแค้น,2,5380
ริมแม่น้ำ,2,5381
ชิ้นๆ,2,5382
คาดฝัน,2,5383
โยก,2,5384
ต้นกล้า,2,5385
ได้มาถึง,2,5386
ลุกไหม้,2,5387
ลาม,2,5388
ร่มเงา,2,5389
เป็นไฟ,2,5390
ตามพญา,2,5391
คำแนะนำ,2,5392
ความต้องการ,2,5393
ตรอมตรม,2,5394
ชีวิตนี้,2,5395
ต่างกัน,2,5396
ไม่เบา,2,5397
เขิน,2,5398
ออกมาดู,2,5399
อาทิตย์,2,5400
ลานกว้าง,2,5401
ที่ตั้ง,2,5402
ตระหง่าน,2,5403
ผู้เคราะห์ร้าย,2,5404
สีแดงสด,2,5405
ตะโกนก้อง,2,5406
เข้าหา,2,5407
แล้วรอบ,2,5408
บันได,2,5409
ถอย,2,5410
คิดทบทวน,2,5411
ทปัตถ,2,5412
วิธู,2,5413
ผู้ก่อการร้าย,2,5414
ควบม้า,2,5415
หมดรูป,2,5416
ก่อไฟ,2,5417
เศษ,2,5418
สลัก,2,5419
แน่นขนัด,2,5420
แผ่นทองคำ,2,5421
เขตแดน,2,5422
ขนลุก,2,5423
เสียววาบ,2,5424
เหล่านักรบ,2,5425
หมุน,2,5426
ตกเป็นของ,2,5427
ทรงอำนาจ,2,5428
จ้อง,2,5429
ขอนิมนต์,2,5430
ทำอาหารถวาย,2,5431
ใคร่รู้,2,5432
แล้วที่,2,5433
ดูถูก,2,5434
กระดานชนวน,2,5435
พารา,2,5436
สามารถบิน,2,5437
แกล้ม,2,5438
เภสัช,2,5439
ถ่ม,2,5440
บินมาถึง,2,5441
เคลื่อน,2,5442
ความมืด,2,5443
ทางอื่น,2,5444
ทำการสดุดี,2,5445
ทีท่าว่า,2,5446
หญิงสาวท้องแก่,2,5447
ละโมบ,2,5448
แบบฉบับ,2,5449
ชัด,2,5450
รุ่มร้อน,2,5451
ความพอเพียง,2,5452
วิถีชีวิต,2,5453
พอเพียงดังนี้,2,5454
สกุณา,2,5455
ยังชีพด้วย,2,5456
ยืนต้น,2,5457
พันธ์,2,5458
แล้ง,2,5459
ลมร้อน,2,5460
เป็นเพื่อนท่าน,2,5461
นางบุญ,2,5462
ลักษณ,2,5463
เครื่องแต่งกาย,2,5464
สัตตุ,2,5465
อีกอย่าง,2,5466
เมื่อก่อนก็,2,5467
รับราชการ,2,5468
พ่อเลี้ยง,2,5469
ซ้อม,2,5470
พีรณ,2,5471
ัตถัมภ,2,5472
เสียตัว,2,5473
สืบต่อ,2,5474
ข้อสรุป,2,5475
เพื่อนสนิท,2,5476
เพลงอื่น,2,5477
กุมารนั้น,2,5478
ตอบกับ,2,5479
น่ารื่นรมย์,2,5480
ยึดมั่น,2,5481
กำหนัด,2,5482
โอวาทนั้น,2,5483
ชนม,2,5484
สัง,2,5485
ดูใจ,2,5486
ธรรมวิเศษ,2,5487
อภั,2,5488
อรูปพรหม,2,5489
ปกป้องอาจารย์,2,5490
เลอะเลือน,2,5491
บอกความจริง,2,5492
ภัตกิจ,2,5493
สืบมา,2,5494
แต่ละวัน,2,5495
เชื่องดี,2,5496
ขายลูก,2,5497
ขัดขืน,2,5498
ล่าม,2,5499
เร่,2,5500
ได้มากขึ้น,2,5501
อุดหนุน,2,5502
ต่อกร,2,5503
ริมน้ำ,2,5504
ชาวบ้านที่มานั่ง,2,5505
เยาะเย้ย,2,5506
แทนที่,2,5507
สะดวกสบาย,2,5508
ซากสัตว์,2,5509
เก้,2,5510
นกแก้ว,2,5511
ความประสงค์,2,5512
แว็บ,2,5513
สะสาง,2,5514
หนี้สิน,2,5515
ความน้อยใจ,2,5516
ของขวัญ,2,5517
ขัดสน,2,5518
แข็งทื่อ,2,5519
จากม้า,2,5520
การบวช,2,5521
ทั่วหน้า,2,5522
ทอดทิ้ง,2,5523
ทนต่อ,2,5524
วิตกกังวล,2,5525
ละออง,2,5526
ตรงกัน,2,5527
มหาราชก็,2,5528
พระนครสืบต่อ,2,5529
ทางแก้ไข,2,5530
ยอมทำ,2,5531
แล้วที่จะ,2,5532
อคติ,2,5533
เชษฐ,2,5534
ภาดา,2,5535
ยินดีแล้ว,2,5536
แสวงหา,2,5537
กองพล,2,5538
บอกกระผม,2,5539
ได้ลาภ,2,5540
หมู่คน,2,5541
ความละอาย,2,5542
สวมบทบาท,2,5543
หลอกลวงใน,2,5544
ดาบสกุมาร,2,5545
จับกลุ่ม,2,5546
บังคับ,2,5547
หม่อน,2,5548
โจทก์,2,5549
ถึงแก่กรรม,2,5550
ิขี,2,5551
ภัตตาหารมา,2,5552
อาคันตุก,2,5553
ร่ำไห้,2,5554
แล้วอย่างนี้,2,5555
ดับ,2,5556
พระนครราชคฤห์,2,5557
สิ้นเนื้อประดาตัว,2,5558
เท้าเปล่า,2,5559
ท่านมาหา,2,5560
กังวลใจ,2,5561
ตั้งหลักฐาน,2,5562
ข้าวนั้น,2,5563
เหลืออยู่,2,5564
ข้าวนี้,2,5565
ทาสผู้,2,5566
เอาแต่ใจ,2,5567
ชั่วโมง,2,5568
สัตว์เดรัจฉาน,2,5569
ขอนไม้ลอยน้ำ,2,5570
อ่อนแอกว่า,2,5571
อุ่น,2,5572
สุวะ,2,5573
แดงมา,2,5574
ไปหางู,2,5575
ขอบใจมาก,2,5576
กั้น,2,5577
ชาวนครทั้งสอง,2,5578
ฝายกั้น,2,5579
ดูจะ,2,5580
ชาวกบิลพัสดุ์,2,5581
ยอมรื้อ,2,5582
ศักดิ์ศรี,2,5583
ทั้งสองฝ่าย,2,5584
สัมโมท,2,5585
มาน,2,5586
ตาข่ายลงมา,2,5587
นกกระจาบทั้ง,2,5588
บินขึ้น,2,5589
ซ่า,2,5590
ขัดแย้ง,2,5591
ไกล่เกลี่ย,2,5592
ปากว่าตาขยิบ,2,5593
ปัสสาวะ,2,5594
ฉี่,2,5595
อดกลั้น,2,5596
พระยากระบือ,2,5597
เป็นเพื่อนรัก,2,5598
กินข้าวที่,2,5599
เพื่อนที่,2,5600
เพื่อนมากนะ,2,5601
คุ้นเคยกัน,2,5602
เอ็นดู,2,5603
ขี่หลัง,2,5604
อึ๊บ,2,5605
ท่านควาน,2,5606
หมู่นี้,2,5607
ป่าวประกาศ,2,5608
ช้างอีกแล้ว,2,5609
สะอื้น,2,5610
ย่ำยี,2,5611
ถูกหุง,2,5612
รำพัน,2,5613
รอบตัว,2,5614
โกไลยกะ,2,5615
ถ้วย,2,5616
ความยุติธรรม,2,5617
มองไม่เห็น,2,5618
เสียบ้าง,2,5619
การบำรุง,2,5620
รู้ความจริง,2,5621
แล้วทำไม,2,5622
ป้อง,2,5623
แยกเขี้ยว,2,5624
ท่านมี,2,5625
รับฟัง,2,5626
ดูก่อนท่าน,2,5627
อรรถกถา,2,5628
วาที,2,5629
ลิงก็,2,5630
แกะ,2,5631
นกกระยาง,2,5632
ข่มขี่,2,5633
อิริยาบท,2,5634
ชาวบ้านก็,2,5635
จากชาวบ้าน,2,5636
ชุมนุมกัน,2,5637
เถรวาท,2,5638
ลัทธิ,2,5639
ศากย,2,5640
จิตกูฏ,2,5641
มีสีสัน,2,5642
พมัล,2,5643
จัดสรร,2,5644
อาพาธ,2,5645
เจ้าอารมณ์,2,5646
เห็นแก่ได้,2,5647
ทำเลย,2,5648
สุดความสามารถ,2,5649
แล้วนะเนี่ย,2,5650
ต่อรอง,2,5651
เจ้าพนักงาน,2,5652
ให้ราคา,2,5653
นักหนา,2,5654
ท่านบัณฑิต,2,5655
ฝนตก,2,5656
ตบะแตก,2,5657
เรียบง่าย,2,5658
เคลื่อนไหว,2,5659
ซอก,2,5660
ของมาก,2,5661
เคี้ยวกิน,2,5662
เป็ดน้ำ,2,5663
ท่านกิน,2,5664
ลำเจียก,2,5665
กลับมาดูแล,2,5666
ทูลพระราชา,2,5667
พอใช้,2,5668
ต้นเชือก,2,5669
เกลียด,2,5670
หมอบลง,2,5671
นอนกับ,2,5672
อีกหลุม,2,5673
ทำชั่ว,2,5674
กะได้,2,5675
บิดาบุตร,2,5676
โดยมีชื่อว่า,2,5677
อุปกา,2,5678
ส่วนที่เหลือ,2,5679
สำแดงกาย,2,5680
คำสบถ,2,5681
น้อม,2,5682
ยาคะ,2,5683
รัพย,2,5684
การมาณพ,2,5685
เห็นด้วย,2,5686
พาด,2,5687
กรรมอัน,2,5688
ท่านควร,2,5689
ที่มาจากชนบท,2,5690
วิสาขามหา,2,5691
ดูหมิ่น,2,5692
ไปล่า,2,5693
พ่อคุณ,2,5694
ปิดประตู,2,5695
ข้ามรั้ว,2,5696
ชื่อว่านันทิ,2,5697
รู้คุณธรรม,2,5698
ไม่ต้องออก,2,5699
ปกป้องดูแล,2,5700
กาบอก,2,5701
สัญชาตญาณ,2,5702
ของกา,2,5703
กาก็,2,5704
ปากก็,2,5705
ฝากรัง,2,5706
บินออกจากรัง,2,5707
กลับมายืน,2,5708
ปากอยู่,2,5709
กลับมาก็,2,5710
บินกลับ,2,5711
เข้ารัง,2,5712
บินออก,2,5713
รุม,2,5714
ย้อม,2,5715
ตอนเหนือ,2,5716
กลับกลายเป็น,2,5717
เฉวียงบ่า,2,5718
บ่า,2,5719
ลูกคู่,2,5720
มุสาวา,2,5721
เพียงเท่านี้,2,5722
ยกเลิก,2,5723
บังเกิดขึ้น,2,5724
น่าสังเวช,2,5725
กามทั้งหลายมีรส,2,5726
ซ่องเสพกามทั้งหลาย,2,5727
ยิ่งไปกว่านั้น,2,5728
ซุ้มประตู,2,5729
ได้ชื่อว่า,2,5730
วิ่งแข่ง,2,5731
โดยมีใจความ,2,5732
เดี๋ยวก่อนครับ,2,5733
นายช่างใหญ่,2,5734
มอบให้,2,5735
เล็บ,2,5736
ให้ทานอยู่,2,5737
หาบ,2,5738
ตะคร้อ,2,5739
โอเค,2,5740
คร้อ,2,5741
โบราณ,2,5742
ไปสวรรค์,2,5743
ไฟแรง,2,5744
เห็นท่าน,2,5745
ขัดคอ,2,5746
ป่าวร้อง,2,5747
คนโกง,2,5748
เป็นเพื่อนกัน,2,5749
แสดงท่าที,2,5750
จนตาย,2,5751
แห่งกิเลส,2,5752
ครอบครองราชสมบัติ,2,5753
พระราชโอรสนั้น,2,5754
วัจ,2,5755
อิตถี,2,5756
พระอาทิตย์,2,5757
โปรย,2,5758
ทรงบรรทมบ่น,2,5759
ห้องอันเป็น,2,5760
จิตรักใคร่,2,5761
วิราช,2,5762
เสนาบดีนั้น,2,5763
อาจบำเพ็ญ,2,5764
แนวป่า,2,5765
ขับถ่าย,2,5766
ตอนกลางคืน,2,5767
ย้ายที่อยู่,2,5768
อีกหรือ,2,5769
ที่สามก็,2,5770
ติดไฟ,2,5771
บ่าว,2,5772
แว๊บ,2,5773
จากความรัก,2,5774
มาทันที,2,5775
ขึ้นรถ,2,5776
กำเริบ,2,5777
พระมารดา,2,5778
โรคลม,2,5779
เหล่านางสนม,2,5780
เทวโลก,2,5781
แก่นั้น,2,5782
ท่าที่,2,5783
ยุ่ง,2,5784
ข้าวก้น,2,5785
ออกบิณฑบาตร,2,5786
โดยดี,2,5787
จักษุ,2,5788
ถอนหายใจ,2,5789
เห็นผิดเป็นชอบ,2,5790
โสดาปัตติมรรค,2,5791
สินี,2,5792
ดาบสินี,2,5793
ฝ้าย,2,5794
เหล่านักเลง,2,5795
ค่า,2,5796
ห้วงน้ำ,2,5797
โคลนตม,2,5798
ขาดหาย,2,5799
เพลิดเพลินใจ,2,5800
ฝ่ายมหา,2,5801
พิจารณาคดี,2,5802
ความกตัญญู,2,5803
เห็นคุณค่า,2,5804
ดีด,2,5805
ให้โอกาส,2,5806
พระราชหฤทัย,2,5807
ใบไม้เป็น,2,5808
อึดอัด,2,5809
ดีดกรวด,2,5810
แสดงให้เห็น,2,5811
กาลเทศะ,2,5812
สร้างสรรค์,2,5813
บอกกล่าวนาง,2,5814
ของกิเลส,2,5815
พัฒนา,2,5816
ความรังเกียจบาป,2,5817
อดทนต่อ,2,5818
ประการอย่างนี้,2,5819
เป็นไป,2,5820
ปาณาติบาต,2,5821
ท่านกระทำ,2,5822
จากการกระทำ,2,5823
จากความตั้งใจ,2,5824
เรื่องกรรม,2,5825
เกี่ยวข้องกับ,2,5826
เดนอาหาร,2,5827
เล่ห์กล,2,5828
ป่านั้น,2,5829
เคี้ยวที่,2,5830
โรคลง,2,5831
ข้าวฟ่าง,2,5832
ลูกเดือย,2,5833
ความคะนอง,2,5834
ใช้ชีวิต,2,5835
รักสนุก,2,5836
การละเล่น,2,5837
กระโดดโลดเต้น,2,5838
แล้วกล่าว,2,5839
รับจ้าง,2,5840
สลัด,2,5841
ั้น,2,5842
พิทักษ์,2,5843
คาย,2,5844
อกแล้ว,2,5845
ท่านทั้ง,2,5846
กำหนดกลิ่น,2,5847
ทำให้น้ำ,2,5848
ป่วนปั่น,2,5849
ประกัน,2,5850
พรุ่ง,2,5851
จ้องดวงอาทิตย์,2,5852
แอบอ้าง,2,5853
ทำบาป,2,5854
หวังผลประโยชน์ส่วนตัว,2,5855
ทำผิดศีลธรรม,2,5856
นครราชคฤห์,2,5857
อรัญ,2,5858
กล่าวตักเตือน,2,5859
อย่างไรก็ตาม,2,5860
เสื่อมลาภ,2,5861
วานรทั้งสอง,2,5862
ลิงดำ,2,5863
กล่าวอย่าง,2,5864
เมืองอุชเชนี,2,5865
นักศึกษา,2,5866
ต่อเนื่อง,2,5867
ใบไม้ที่,2,5868
สวนกำลัง,2,5869
ผู้ทำลาย,2,5870
นางกินรี,2,5871
สูญเสีย,2,5872
พาลูก,2,5873
พระธาตุ,2,5874
พอล่วง,2,5875
ผลุนผลัน,2,5876
ถูกอคติ,2,5877
ตกยาก,2,5878
พลอง,2,5879
มาจากบ้าน,2,5880
เรื่องราวนั้น,2,5881
การอยู่ร่วมกัน,2,5882
ติกัมมัฏฐาน,2,5883
พรั่นพรึง,2,5884
ทุรพล,2,5885
เบญจกามคุณ,2,5886
การบริโภค,2,5887
อรหัต,2,5888
ธาตุ,2,5889
ผัสสะ,2,5890
อายตนะ,2,5891
หลีก,2,5892
เข้าไปหาด้วย,2,5893
เหวย,2,5894
มุ่น,2,5895
พลัง,2,5896
ก่อนค่อย,2,5897
สะท้อน,2,5898
ล้ำลึก,2,5899
หลุกหลิก,2,5900
พระยานาค,2,5901
เงื้อมมือ,2,5902
หวนคืน,2,5903
ถึงคราว,2,5904
ออกบรรพชา,2,5905
ท้าวจาตุมหาราช,2,5906
ชักชวน,2,5907
แห่งการหลุดพ้น,2,5908
ในขณะเดียวกัน,2,5909
ปาลกุมารกลับ,2,5910
ความมุ่งมั่น,2,5911
ดรุณ,2,5912
ตอบอย่าง,2,5913
แสงอาทิตย์,2,5914
จากบาตร,2,5915
ราว,2,5916
โชติ,2,5917
ปาละ,2,5918
เข้มข้น,2,5919
เหล้านั้น,2,5920
ถามลูกจ้าง,2,5921
โกณฑัญญะ,2,5922
ดีนั้น,2,5923
มนุษยธรรม,2,5924
ความเห็น,2,5925
คั้น,2,5926
กาก,2,5927
ของดีเลิศ,2,5928
ทำบาปกรรม,2,5929
โลหกุมภี,2,5930
เคี่ยว,2,5931
อักษร,2,5932
พลี,2,5933
ของการพูด,2,5934
โกกาลิกรัฐ,2,5935
ของถวาย,2,5936
กล่าวร้าย,2,5937
ตาเหลือง,2,5938
ตาเหลืองมี,2,5939
สอนว่า,2,5940
การถูก,2,5941
ดีนำ,2,5942
พูดมากเกินไป,2,5943
กะลิง,2,5944
ผู้ใช้,2,5945
จ้าง,2,5946
แก้วนี้,2,5947
โทสะ,2,5948
กุณฑล,2,5949
ถูกด่า,2,5950
ผิวหนัง,2,5951
แววตา,2,5952
ยื่น,2,5953
น้ำเสียง,2,5954
มิตรภาพ,2,5955
รับรู้,2,5956
ผู้ตาย,2,5957
เศร้า,2,5958
ส่วนรวม,2,5959
ความปลอดภัย,2,5960
สะพาน,2,5961
กระโดดมา,2,5962
ปัตต์,2,5963
แห่งกาม,2,5964
เนรเทศ,2,5965
มีฤทธิ์,2,5966
โคจร,2,5967
เดียรัจฉาน,2,5968
แมลง,2,5969
ต้องหา,2,5970
เฉื่อยชา,2,5971
ไฟป่า,2,5972
ประหนึ่ง,2,5973
ใบโพธิ์,2,5974
เนิ่นนาน,2,5975
เนตร,2,5976
ขันติธรรม,2,5977
มือขวา,2,5978
ปริยาย,2,5979
น่าอัศจรรย์,2,5980
ทะนง,2,5981
พุทรา,2,5982
ช่างทอง,2,5983
คันธกุฎี,2,5984
รู้ใจ,2,5985
เสนอ,2,5986
สักการะมากมาย,2,5987
อาจรักษา,2,5988
ขี่,2,5989
กว่านี้,2,5990
ลูกตาของ,2,5991
ปิง,2,5992
สังเวย,2,5993
สิ้นใจ,2,5994
